Aquamarine,18,4225
Aquamarine,18,3311
Aquamarine,18,1876
Aquamarine,18,1960
Aquamarine,18,3593
Aquamarine,18,190
Aquamarine,19,412
Aquamarine,19,1513
Aquamarine,20,1594
Aquamarine,20,4475
Aquamarine,20,2137
Aquamarine,21,4509
Aquamarine,21,783
Aquamarine,21,1565
Aquamarine,22,3048
Aquamarine,22,2755
Aquamarine,22,3771
Aquamarine,22,4017
Aquamarine,23,2526
Aquamarine,23,2277
Aquamarine,23,2519
Aquamarine,24,2536
Aquamarine,24,3922
Aquamarine,24,3100
Aquamarine,24,4539
Aquamarine,24,3025
Aquamarine,24,567
Aquamarine,24,686
Aquamarine,25,3219
Aquamarine,26,2195
Aquamarine,26,2614
Aquamarine,26,1358
Aquamarine,26,2552
Aquamarine,26,4791
Aquamarine,27,249
Aquamarine,27,3621
Aquamarine,27,1444
Aquamarine,27,3710
Aquamarine,28,2255
Aquamarine,28,2126
Aquamarine,29,3410
Aquamarine,29,2304
Aquamarine,29,4546
Aquamarine,30,3757
Aquamarine,31,827
Aquamarine,32,2582
Aquamarine,32,1912
Aquamarine,32,299
Aquamarine,32,4627
Aquamarine,32,4427
Aquamarine,32,4063
Aquamarine,32,2835
Aquamarine,32,2648
Aquamarine,33,461
Aquamarine,33,805
Aquamarine,33,2274
Aquamarine,33,415
Aquamarine,34,3946
Aquamarine,34,132
Aquamarine,34,637
Aquamarine,34,1215
Aquamarine,34,4650
Aquamarine,34,4328
Aquamarine,35,1454
Aquamarine,35,52
Aquamarine,35,4092
Aquamarine,36,4062
Aquamarine,36,482
Aquamarine,36,901
Aquamarine,36,2199
Aquamarine,36,4597
Aquamarine,37,2803
Aquamarine,37,283
Aquamarine,37,3462
Aquamarine,37,3638
Aquamarine,37,1184
Aquamarine,37,3075
Aquamarine,37,4457
Aquamarine,37,3339
Aquamarine,38,2131
Aquamarine,38,2514
Aquamarine,38,926
Aquamarine,39,2174
Aquamarine,39,4255
Aquamarine,39,749
Aquamarine,39,2238
Aquamarine,39,556
Aquamarine,39,2473
Aquamarine,39,3382
Aquamarine,40,949
Aquamarine,40,2354
Aquamarine,40,764
Aquamarine,40,3865
Aquamarine,40,2714
Aquamarine,40,866
Aquamarine,40,952
Aquamarine,40,4408
Aquamarine,40,252
Aquamarine,41,2944
Aquamarine,41,4855
Aquamarine,41,2061
Aquamarine,41,3572
Aquamarine,41,2593
Aquamarine,41,3337
Aquamarine,42,3802
Aquamarine,42,2082
Aquamarine,42,61
Aquamarine,42,3023
Aquamarine,42,1677
Aquamarine,43,3940
Aquamarine,43,2756
Aquamarine,43,3570
Aquamarine,43,3250
Aquamarine,44,1087
Aquamarine,44,4987
Aquamarine,44,1609
Aquamarine,44,1969
Aquamarine,45,653
Aquamarine,46,3405
Aquamarine,46,789
Aquamarine,46,4682
Aquamarine,47,6
Aquamarine,47,1262
Aquamarine,47,4916
Aquamarine,47,4559
Aquamarine,47,1627
Aquamarine,47,4660
Aquamarine,47,1757
Aquamarine,48,4202
Aquamarine,48,2397
Aquamarine,48,808
Aquamarine,48,45
Aquamarine,48,3201
Aquamarine,48,941
Aquamarine,48,1548
Aquamarine,49,3806
Aquamarine,50,4217
Aquamarine,50,1420
Aquamarine,50,4012
Aquamarine,50,3383
Aquamarine,50,3131
Aquamarine,50,1072
Aquamarine,51,2508
Aquamarine,51,823
Aquamarine,51,3129
Aquamarine,51,3047
Aquamarine,51,4738
Aquamarine,52,1292
Aquamarine,52,495
Aquamarine,52,4177
Aquamarine,52,2879
Aquamarine,52,940
Aquamarine,52,2381
Aquamarine,52,1421
Aquamarine,53,1008
Aquamarine,53,1701
Aquamarine,53,811
Aquamarine,53,2107
Aquamarine,53,1835
Aquamarine,54,2975
Aquamarine,54,2779
Aquamarine,54,2267
Aquamarine,54,3152
Aquamarine,54,585
Aquamarine,54,1477
Aquamarine,54,1882
Aquamarine,55,3259
Aquamarine,55,3091
Aquamarine,55,1277
Aquamarine,55,4026
Aquamarine,55,358
Aquamarine,55,3190
Aquamarine,56,925
Aquamarine,56,4276
Aquamarine,56,4933
Aquamarine,56,3851
Aquamarine,56,3956
Aquamarine,57,3127
Aquamarine,57,4737
Aquamarine,57,1517
Aquamarine,58,1213
Aquamarine,58,2882
Aquamarine,58,2846
Aquamarine,58,472
Aquamarine,59,639
Aquamarine,59,2184
Aquamarine,59,647
Aquamarine,60,3729
Aquamarine,60,2689
Aquamarine,60,4719
Aquamarine,61,529
Aquamarine,61,3740
Aquamarine,61,1322
Aquamarine,61,4418
Aquamarine,62,3373
Aquamarine,62,1636
Aquamarine,62,216
Aquamarine,63,2083
Aquamarine,63,3914
Aquamarine,63,487
Aquamarine,64,4176
Aquamarine,64,234
Aquamarine,65,2991
Aquamarine,65,4552
Aquamarine,65,2243
Aquamarine,65,1967
Aquamarine,65,4301
Aquamarine,65,643
Aquamarine,66,2840
Aquamarine,66,896
Aquamarine,66,3193
Aquamarine,66,4657
Aquamarine,67,4081
Aquamarine,67,3243
Aquamarine,68,4025
Aquamarine,68,4838
Aquamarine,68,2009
Aquamarine,68,4066
Aquamarine,69,2444
Aquamarine,69,4931
Aquamarine,69,2553
Aquamarine,70,3985
Aquamarine,70,3178
Aquamarine,70,2262
Aquamarine,70,236
Aquamarine,70,620
Aquamarine,70,1464
Aquamarine,71,1952
Aquamarine,71,3150
Aquamarine,71,449
Aquamarine,72,1800
Aquamarine,72,1493
Aquamarine,72,4210
Aquamarine,72,1441
Aquamarine,73,580
Aquamarine,73,1286
Aquamarine,73,2112
Aquamarine,74,4675
Aquamarine,74,2417
Aquamarine,74,2914
Aquamarine,75,1608
Aquamarine,76,652
Aquamarine,77,3097
Aquamarine,77,136
Aquamarine,77,1574
Aquamarine,77,2819
Aquamarine,78,1893
Aquamarine,78,2763
Aquamarine,78,2307
Aquamarine,78,782
Aquamarine,79,1942
Aquamarine,79,170
Aquamarine,79,4903
Aquamarine,80,815
Aquamarine,80,2464
Aquamarine,80,119
Aquamarine,80,758
Aquamarine,80,1174
Blue,18,1955
Blue,18,1694
Blue,19,124
Blue,19,3284
Blue,19,2666
Blue,19,610
Blue,20,268
Blue,20,4034
Blue,20,3052
Blue,20,3817
Blue,21,1924
Blue,21,1803
Blue,21,2906
Blue,21,3367
Blue,21,315
Blue,22,2113
Blue,22,1094
Blue,23,367
Blue,24,3358
Blue,24,1950
Blue,24,4080
Blue,25,1389
Blue,25,3500
Blue,26,507
Blue,26,464
Blue,26,1398
Blue,26,2245
Blue,27,2239
Blue,27,2826
Blue,27,4483
Blue,28,3882
Blue,28,688
Blue,29,4304
Blue,29,2974
Blue,29,456
Blue,29,371
Blue,29,2059
Blue,29,4851
Blue,29,4567
Blue,30,1712
Blue,30,2789
Blue,30,3157
Blue,30,459
Blue,30,3302
Blue,31,3811
Blue,31,2775
Blue,31,4050
Blue,32,511
Blue,32,3513
Blue,32,1038
Blue,32,2232
Blue,33,1034
Blue,33,455
Blue,34,2479
Blue,34,4000
Blue,34,4998
Blue,34,2151
Blue,34,3976
Blue,35,1011
Blue,35,888
Blue,35,3004
Blue,35,3331
Blue,35,943
Blue,36,4790
Blue,36,4755
Blue,36,51
Blue,36,214
Blue,37,2806
Blue,37,134
Blue,37,4044
Blue,37,4045
Blue,38,2111
Blue,38,313
Blue,38,3335
Blue,39,3213
Blue,39,1338
Blue,39,730
Blue,40,3185
Blue,40,4338
Blue,40,3096
Blue,40,3795
Blue,40,1520
Blue,40,1545
Blue,40,780
Blue,41,918
Blue,41,4278
Blue,42,4485
Blue,42,1975
Blue,42,3469
Blue,42,829
Blue,42,1397
Blue,42,1819
Blue,43,366
Blue,43,1563
Blue,43,4670
Blue,43,1571
Blue,43,861
Blue,43,608
Blue,43,4968
Blue,43,2649
Blue,43,998
Blue,43,465
Blue,44,3033
Blue,44,4186
Blue,44,3528
Blue,44,2183
Blue,44,4078
Blue,45,2154
Blue,45,322
Blue,45,3118
Blue,45,2848
Blue,46,616
Blue,46,1716
Blue,46,3439
Blue,47,2436
Blue,47,1117
Blue,47,3731
Blue,47,3496
Blue,47,4980
Blue,48,4938
Blue,48,663
Blue,48,1154
Blue,48,3120
Blue,49,1071
Blue,49,1045
Blue,49,4624
Blue,49,4809
Blue,49,1581
Blue,49,4385
Blue,50,2142
Blue,50,1611
Blue,51,2765
Blue,51,1162
Blue,52,2523
Blue,52,611
Blue,53,1350
Blue,53,3770
Blue,54,654
Blue,54,2964
Blue,54,1098
Blue,54,718
Blue,55,822
Blue,55,3669
Blue,55,4879
Blue,56,1331
Blue,56,4283
Blue,56,116
Blue,56,4834
Blue,56,3134
Blue,56,724
Blue,57,2908
Blue,57,753
Blue,57,3961
Blue,58,4869
Blue,58,1695
Blue,59,157
Blue,59,3553
Blue,59,4051
Blue,59,1521
Blue,60,1479
Blue,60,2929
Blue,60,745
Blue,61,3590
Blue,61,872
Blue,61,3189
Blue,61,2140
Blue,61,4133
Blue,62,897
Blue,62,509
Blue,62,1822
Blue,62,2194
Blue,62,4562
Blue,62,4598
Blue,62,1638
Blue,62,1905
Blue,63,4759
Blue,63,2226
Blue,63,359
Blue,63,504
Blue,63,2693
Blue,63,4699
Blue,63,1245
Blue,64,2842
Blue,64,169
Blue,64,3899
Blue,64,2691
Blue,64,4940
Blue,64,2231
Blue,64,703
Blue,65,2076
Blue,65,633
Blue,65,679
Blue,65,1017
Blue,65,484
Blue,65,2483
Blue,66,1085
Blue,67,1957
Blue,67,4167
Blue,67,4397
Blue,67,2967
Blue,68,642
Blue,68,4703
Blue,68,1022
Blue,68,4290
Blue,69,1131
Blue,69,4013
Blue,69,3041
Blue,70,762
Blue,70,837
Blue,70,2344
Blue,70,1649
Blue,70,90
Blue,70,3352
Blue,71,3296
Blue,71,4928
Blue,71,3665
Blue,72,2950
Blue,72,713
Blue,72,1937
Blue,73,1719
Blue,73,2401
Blue,73,1941
Blue,74,3253
Blue,74,3427
Blue,74,4709
Blue,75,1834
Blue,75,91
Blue,75,392
Blue,75,1699
Blue,76,573
Blue,76,481
Blue,77,1729
Blue,77,1380
Blue,77,2459
Blue,77,4532
Blue,77,3878
Blue,78,3349
Blue,78,2922
Blue,78,543
Blue,78,540
Blue,79,568
Blue,79,75
Blue,79,899
Blue,79,2829
Blue,79,2491
Blue,79,300
Blue,80,1971
Blue,80,2764
Blue,80,1035
Blue,80,3429
Crimson,18,1265
Crimson,18,2425
Crimson,18,2104
Crimson,19,552
Crimson,19,2742
Crimson,19,4775
Crimson,20,4887
Crimson,20,3077
Crimson,21,4522
Crimson,21,3181
Crimson,21,4836
Crimson,21,1659
Crimson,22,2902
Crimson,22,4353
Crimson,22,595
Crimson,23,1023
Crimson,23,2359
Crimson,23,948
Crimson,23,2970
Crimson,24,2626
Crimson,24,3887
Crimson,24,3998
Crimson,24,148
Crimson,25,1460
Crimson,25,1373
Crimson,25,1288
Crimson,25,3788
Crimson,25,4937
Crimson,26,3625
Crimson,26,3945
Crimson,26,4876
Crimson,26,426
Crimson,26,4280
Crimson,26,1948
Crimson,27,3580
Crimson,27,996
Crimson,27,3
Crimson,27,108
Crimson,28,4917
Crimson,28,2738
Crimson,28,1782
Crimson,28,1365
Crimson,28,2466
Crimson,28,2260
Crimson,29,1853
Crimson,29,835
Crimson,29,627
Crimson,29,3035
Crimson,29,769
Crimson,29,4242
Crimson,30,1456
Crimson,30,430
Crimson,30,1550
Crimson,31,4134
Crimson,31,2946
Crimson,31,712
Crimson,32,4899
Crimson,32,440
Crimson,32,761
Crimson,32,3755
Crimson,32,2102
Crimson,33,1370
Crimson,34,2623
Crimson,34,58
Crimson,34,2667
Crimson,34,4800
Crimson,34,3949
Crimson,34,2816
Crimson,34,1302
Crimson,35,4882
Crimson,35,4323
Crimson,35,3010
Crimson,35,387
Crimson,35,3624
Crimson,36,2403
Crimson,36,3523
Crimson,36,3265
Crimson,36,4231
Crimson,36,3303
Crimson,37,889
Crimson,37,942
Crimson,37,963
Crimson,38,3840
Crimson,39,4245
Crimson,39,3769
Crimson,39,1065
Crimson,39,2715
Crimson,40,2308
Crimson,40,1762
Crimson,40,2545
Crimson,40,288
Crimson,41,4083
Crimson,41,2303
Crimson,41,292
Crimson,41,4949
Crimson,41,1074
Crimson,41,1837
Crimson,41,3275
Crimson,41,262
Crimson,41,78
Crimson,42,2875
Crimson,42,3920
Crimson,42,3616
Crimson,43,2932
Crimson,43,2494
Crimson,43,4637
Crimson,44,4224
Crimson,44,1268
Crimson,44,3008
Crimson,44,978
Crimson,45,3925
Crimson,45,4560
Crimson,45,2745
Crimson,45,2443
Crimson,45,4142
Crimson,45,2270
Crimson,46,137
Crimson,46,2718
Crimson,47,1532
Crimson,47,2158
Crimson,47,2095
Crimson,47,4499
Crimson,48,1259
Crimson,48,3034
Crimson,48,1303
Crimson,48,1968
Crimson,48,4480
Crimson,49,2080
Crimson,49,1353
Crimson,50,3629
Crimson,50,1887
Crimson,50,2986
Crimson,50,304
Crimson,51,3293
Crimson,51,2404
Crimson,51,377
Crimson,52,3702
Crimson,52,2441
Crimson,52,4910
Crimson,52,2969
Crimson,53,4435
Crimson,54,2146
Crimson,54,4953
Crimson,54,1833
Crimson,55,624
Crimson,55,3577
Crimson,56,1862
Crimson,56,1949
Crimson,57,3206
Crimson,57,3636
Crimson,57,1706
Crimson,57,3565
Crimson,57,4450
Crimson,58,401
Crimson,58,1138
Crimson,59,4270
Crimson,59,1830
Crimson,59,2468
Crimson,59,2996
Crimson,60,1037
Crimson,60,3778
Crimson,60,345
Crimson,60,1826
Crimson,61,3316
Crimson,61,4329
Crimson,61,4593
Crimson,61,451
Crimson,61,25
Crimson,62,3401
Crimson,62,2913
Crimson,62,56
Crimson,62,3715
Crimson,62,2394
Crimson,63,4001
Crimson,64,87
Crimson,64,2273
Crimson,64,2071
Crimson,64,914
Crimson,65,2876
Crimson,65,2475
Crimson,65,677
Crimson,65,324
Crimson,65,1064
Crimson,65,1506
Crimson,65,2301
Crimson,65,1073
Crimson,66,3112
Crimson,66,812
Crimson,66,3514
Crimson,66,3776
Crimson,66,150
Crimson,66,1180
Crimson,66,2334
Crimson,66,2723
Crimson,66,3139
Crimson,67,2966
Crimson,67,382
Crimson,67,2899
Crimson,67,1987
Crimson,67,2329
Crimson,68,1653
Crimson,69,1031
Crimson,69,3567
Crimson,69,1347
Crimson,69,2920
Crimson,69,3503
Crimson,70,1932
Crimson,70,1786
Crimson,70,1607
Crimson,70,3237
Crimson,70,354
Crimson,71,2182
Crimson,71,1458
Crimson,71,2268
Crimson,71,4924
Crimson,72,4600
Crimson,72,3607
Crimson,72,3499
Crimson,72,706
Crimson,73,3240
Crimson,73,729
Crimson,73,1325
Crimson,73,1880
Crimson,74,1182
Crimson,75,1491
Crimson,75,38
Crimson,75,329
Crimson,75,1486
Crimson,75,331
Crimson,75,4780
Crimson,75,4398
Crimson,76,3369
Crimson,76,875
Crimson,76,494
Crimson,76,1382
Crimson,76,2838
Crimson,77,4962
Crimson,77,368
Crimson,77,722
Crimson,78,3845
Crimson,78,3784
Crimson,78,4207
Crimson,78,547
Crimson,78,1273
Crimson,78,4533
Crimson,78,285
Crimson,78,656
Crimson,79,308
Crimson,79,3703
Crimson,79,1651
Crimson,79,2353
Crimson,79,4226
Crimson,79,4285
Crimson,79,4558
Crimson,80,3160
Crimson,80,4607
Crimson,80,1433
Fuscia,18,2054
Fuscia,18,3384
Fuscia,18,1172
Fuscia,18,1647
Fuscia,19,4634
Fuscia,19,4443
Fuscia,19,4757
Fuscia,19,4840
Fuscia,19,4354
Fuscia,19,4032
Fuscia,20,2152
Fuscia,20,1929
Fuscia,20,3524
Fuscia,20,1501
Fuscia,20,2960
Fuscia,21,4005
Fuscia,21,3796
Fuscia,21,1263
Fuscia,21,1844
Fuscia,21,4535
Fuscia,22,3251
Fuscia,22,1021
Fuscia,22,3285
Fuscia,22,927
Fuscia,22,844
Fuscia,23,2051
Fuscia,23,4545
Fuscia,23,2688
Fuscia,23,2223
Fuscia,24,4156
Fuscia,24,95
Fuscia,24,1850
Fuscia,24,797
Fuscia,24,159
Fuscia,24,3747
Fuscia,24,4106
Fuscia,25,3681
Fuscia,25,506
Fuscia,25,2360
Fuscia,25,1666
Fuscia,26,2531
Fuscia,26,4264
Fuscia,27,4230
Fuscia,27,2222
Fuscia,27,2550
Fuscia,27,2710
Fuscia,27,4339
Fuscia,27,4209
Fuscia,27,1721
Fuscia,28,1770
Fuscia,28,2235
Fuscia,28,369
Fuscia,28,2197
Fuscia,29,1032
Fuscia,29,3608
Fuscia,29,4957
Fuscia,29,4246
Fuscia,29,708
Fuscia,30,2007
Fuscia,30,3329
Fuscia,30,3354
Fuscia,31,1199
Fuscia,31,3249
Fuscia,31,2704
Fuscia,31,2747
Fuscia,31,131
Fuscia,31,946
Fuscia,31,74
Fuscia,32,2034
Fuscia,32,1133
Fuscia,32,1840
Fuscia,32,2490
Fuscia,32,3761
Fuscia,32,4642
Fuscia,32,4314
Fuscia,33,3212
Fuscia,33,4746
Fuscia,34,3220
Fuscia,34,4729
Fuscia,34,4220
Fuscia,34,2211
Fuscia,34,3042
Fuscia,34,1069
Fuscia,34,2521
Fuscia,35,1621
Fuscia,35,4322
Fuscia,35,4914
Fuscia,35,1896
Fuscia,35,3366
Fuscia,36,723
Fuscia,36,2515
Fuscia,36,4972
Fuscia,36,3082
Fuscia,36,3161
Fuscia,36,1866
Fuscia,36,3955
Fuscia,37,2314
Fuscia,38,977
Fuscia,38,3708
Fuscia,39,586
Fuscia,39,3404
Fuscia,39,2478
Fuscia,39,903
Fuscia,40,2345
Fuscia,40,3059
Fuscia,42,4379
Fuscia,42,4516
Fuscia,42,1806
Fuscia,42,4364
Fuscia,42,1909
Fuscia,42,296
Fuscia,43,1688
Fuscia,43,1543
Fuscia,43,972
Fuscia,43,3900
Fuscia,44,3554
Fuscia,44,3054
Fuscia,44,2912
Fuscia,44,863
Fuscia,45,4774
Fuscia,45,2426
Fuscia,45,4698
Fuscia,46,3283
Fuscia,46,403
Fuscia,46,2020
Fuscia,47,3680
Fuscia,47,2066
Fuscia,47,1189
Fuscia,47,4927
Fuscia,47,2311
Fuscia,47,2372
Fuscia,48,2209
Fuscia,48,855
Fuscia,48,3314
Fuscia,49,898
Fuscia,49,1777
Fuscia,49,3585
Fuscia,49,2511
Fuscia,49,3460
Fuscia,50,2890
Fuscia,50,4570
Fuscia,51,3835
Fuscia,51,4815
Fuscia,51,550
Fuscia,52,1139
Fuscia,52,916
Fuscia,52,4760
Fuscia,52,68
Fuscia,53,981
Fuscia,53,4606
Fuscia,53,2178
Fuscia,53,3982
Fuscia,53,372
Fuscia,53,3488
Fuscia,54,4016
Fuscia,54,623
Fuscia,54,660
Fuscia,54,2518
Fuscia,55,802
Fuscia,55,239
Fuscia,56,3020
Fuscia,56,2805
Fuscia,56,579
Fuscia,57,3623
Fuscia,57,3897
Fuscia,57,3279
Fuscia,58,2663
Fuscia,58,3929
Fuscia,58,809
Fuscia,58,665
Fuscia,58,2463
Fuscia,58,4190
Fuscia,59,3235
Fuscia,59,4594
Fuscia,59,630
Fuscia,59,112
Fuscia,60,3323
Fuscia,61,1700
Fuscia,61,1175
Fuscia,61,2150
Fuscia,61,1351
Fuscia,61,4529
Fuscia,62,3972
Fuscia,62,2656
Fuscia,62,2315
Fuscia,63,3370
Fuscia,63,1222
Fuscia,63,4392
Fuscia,63,7
Fuscia,64,1503
Fuscia,64,646
Fuscia,64,3711
Fuscia,64,4488
Fuscia,65,4750
Fuscia,66,1788
Fuscia,66,714
Fuscia,66,4991
Fuscia,66,3659
Fuscia,66,166
Fuscia,66,1897
Fuscia,67,1954
Fuscia,67,806
Fuscia,67,4581
Fuscia,67,3953
Fuscia,67,4644
Fuscia,67,1663
Fuscia,67,4685
Fuscia,68,676
Fuscia,68,4201
Fuscia,68,4579
Fuscia,68,1049
Fuscia,68,4330
Fuscia,69,1307
Fuscia,69,89
Fuscia,69,1750
Fuscia,69,4832
Fuscia,69,726
Fuscia,69,2246
Fuscia,70,1250
Fuscia,70,1196
Fuscia,70,483
Fuscia,71,698
Fuscia,71,1555
Fuscia,71,2236
Fuscia,71,3898
Fuscia,72,1731
Fuscia,73,2457
Fuscia,74,65
Fuscia,74,1953
Fuscia,75,4219
Fuscia,75,4299
Fuscia,75,1430
Fuscia,75,2109
Fuscia,76,1329
Fuscia,76,2011
Fuscia,76,3434
Fuscia,76,2445
Fuscia,76,2230
Fuscia,76,3487
Fuscia,76,4506
Fuscia,77,69
Fuscia,77,2851
Fuscia,77,360
Fuscia,77,1135
Fuscia,77,2500
Fuscia,77,101
Fuscia,77,3422
Fuscia,77,3492
Fuscia,78,3684
Fuscia,78,274
Fuscia,78,4715
Fuscia,78,3713
Fuscia,78,2565
Fuscia,79,4853
Fuscia,79,813
Fuscia,79,130
Fuscia,80,3180
Fuscia,80,3719
Fuscia,80,2528
Fuscia,80,1300
Fuscia,80,486
Fuscia,80,1921
Goldenrod,18,937
Goldenrod,18,36
Goldenrod,18,3536
Goldenrod,18,4792
Goldenrod,18,4504
Goldenrod,18,341
Goldenrod,18,600
Goldenrod,19,1400
Goldenrod,19,2698
Goldenrod,20,2720
Goldenrod,20,2018
Goldenrod,20,20
Goldenrod,20,3622
Goldenrod,20,3868
Goldenrod,21,4088
Goldenrod,21,4639
Goldenrod,21,4439
Goldenrod,21,604
Goldenrod,21,102
Goldenrod,22,260
Goldenrod,22,1584
Goldenrod,23,10
Goldenrod,23,4399
Goldenrod,23,4754
Goldenrod,24,4989
Goldenrod,24,3773
Goldenrod,24,3388
Goldenrod,24,1752
Goldenrod,24,1678
Goldenrod,25,1342
Goldenrod,25,4464
Goldenrod,25,2452
Goldenrod,25,2482
Goldenrod,26,3239
Goldenrod,26,1675
Goldenrod,26,117
Goldenrod,26,2544
Goldenrod,27,4341
Goldenrod,27,4897
Goldenrod,27,4387
Goldenrod,28,1254
Goldenrod,28,3697
Goldenrod,29,1125
Goldenrod,29,4643
Goldenrod,30,2455
Goldenrod,30,1161
Goldenrod,30,127
Goldenrod,30,272
Goldenrod,30,2551
Goldenrod,30,631
Goldenrod,30,2591
Goldenrod,30,335
Goldenrod,31,1827
Goldenrod,31,4018
Goldenrod,31,757
Goldenrod,31,2577
Goldenrod,31,1710
Goldenrod,31,72
Goldenrod,31,1804
Goldenrod,32,1996
Goldenrod,32,4343
Goldenrod,32,4004
Goldenrod,32,85
Goldenrod,32,3441
Goldenrod,32,3162
Goldenrod,32,1101
Goldenrod,32,2733
Goldenrod,33,1813
Goldenrod,33,4039
Goldenrod,33,1024
Goldenrod,33,2056
Goldenrod,33,2041
Goldenrod,33,1697
Goldenrod,33,2900
Goldenrod,34,1662
Goldenrod,34,1585
Goldenrod,34,2347
Goldenrod,34,2645
Goldenrod,35,2196
Goldenrod,35,4391
Goldenrod,36,2393
Goldenrod,36,31
Goldenrod,36,3794
Goldenrod,36,628
Goldenrod,36,649
Goldenrod,36,1339
Goldenrod,36,1771
Goldenrod,36,1992
Goldenrod,36,3108
Goldenrod,37,3135
Goldenrod,37,3510
Goldenrod,37,3481
Goldenrod,37,3588
Goldenrod,37,280
Goldenrod,38,4966
Goldenrod,38,2418
Goldenrod,38,3095
Goldenrod,38,574
Goldenrod,38,1043
Goldenrod,39,1498
Goldenrod,39,2392
Goldenrod,39,4919
Goldenrod,39,2331
Goldenrod,39,3908
Goldenrod,40,2997
Goldenrod,40,4342
Goldenrod,40,3379
Goldenrod,40,1787
Goldenrod,40,1113
Goldenrod,41,4550
Goldenrod,41,4053
Goldenrod,41,4187
Goldenrod,42,3017
Goldenrod,42,2839
Goldenrod,42,3107
Goldenrod,42,882
Goldenrod,42,4060
Goldenrod,42,2271
Goldenrod,43,3712
Goldenrod,43,4647
Goldenrod,43,2719
Goldenrod,43,1445
Goldenrod,43,1059
Goldenrod,44,2917
Goldenrod,44,4267
Goldenrod,44,2748
Goldenrod,44,1219
Goldenrod,45,3534
Goldenrod,45,3977
Goldenrod,45,2832
Goldenrod,46,3650
Goldenrod,46,3234
Goldenrod,46,263
Goldenrod,46,4575
Goldenrod,46,3101
Goldenrod,47,4405
Goldenrod,47,701
Goldenrod,47,4873
Goldenrod,47,2164
Goldenrod,47,3471
Goldenrod,48,4172
Goldenrod,48,794
Goldenrod,48,1258
Goldenrod,48,215
Goldenrod,48,2798
Goldenrod,48,3381
Goldenrod,48,4496
Goldenrod,49,4777
Goldenrod,49,1617
Goldenrod,49,237
Goldenrod,50,1500
Goldenrod,50,1313
Goldenrod,50,4041
Goldenrod,50,3671
Goldenrod,50,326
Goldenrod,51,3277
Goldenrod,51,538
Goldenrod,51,1150
Goldenrod,51,838
Goldenrod,51,3727
Goldenrod,52,4687
Goldenrod,52,1061
Goldenrod,52,284
Goldenrod,52,4273
Goldenrod,52,1102
Goldenrod,53,2817
Goldenrod,53,3942
Goldenrod,53,3848
Goldenrod,53,3411
Goldenrod,53,3995
Goldenrod,54,4024
Goldenrod,54,3867
Goldenrod,54,3891
Goldenrod,54,555
Goldenrod,54,1469
Goldenrod,55,510
Goldenrod,55,1280
Goldenrod,55,1761
Goldenrod,55,1759
Goldenrod,55,3556
Goldenrod,56,870
Goldenrod,57,4956
Goldenrod,57,1436
Goldenrod,57,1978
Goldenrod,57,128
Goldenrod,57,463
Goldenrod,58,997
Goldenrod,59,1413
Goldenrod,59,3402
Goldenrod,59,1320
Goldenrod,59,4858
Goldenrod,59,4317
Goldenrod,60,4090
Goldenrod,60,4696
Goldenrod,60,3893
Goldenrod,61,2786
Goldenrod,61,2721
Goldenrod,62,4807
Goldenrod,62,4008
Goldenrod,62,92
Goldenrod,63,785
Goldenrod,63,76
Goldenrod,63,2707
Goldenrod,63,446
Goldenrod,63,4689
Goldenrod,63,4188
Goldenrod,64,1115
Goldenrod,64,4358
Goldenrod,64,1333
Goldenrod,65,4218
Goldenrod,65,2420
Goldenrod,65,4102
Goldenrod,65,496
Goldenrod,65,71
Goldenrod,65,3053
Goldenrod,66,1099
Goldenrod,66,1573
Goldenrod,67,3084
Goldenrod,67,3086
Goldenrod,67,1808
Goldenrod,69,3361
Goldenrod,69,4683
Goldenrod,69,4459
Goldenrod,69,629
Goldenrod,69,2340
Goldenrod,69,4867
Goldenrod,69,1690
Goldenrod,70,2217
Goldenrod,70,161
Goldenrod,70,1449
Goldenrod,70,4287
Goldenrod,70,2204
Goldenrod,70,2161
Goldenrod,70,4920
Goldenrod,70,502
Goldenrod,70,2258
Goldenrod,71,4859
Goldenrod,71,4346
Goldenrod,71,2499
Goldenrod,71,97
Goldenrod,71,1176
Goldenrod,72,2382
Goldenrod,72,2300
Goldenrod,72,1726
Goldenrod,72,2390
Goldenrod,72,13
Goldenrod,72,3344
Goldenrod,72,1407
Goldenrod,72,1646
Goldenrod,73,911
Goldenrod,73,1230
Goldenrod,73,4372
Goldenrod,74,3646
Goldenrod,74,3954
Goldenrod,74,4040
Goldenrod,75,2809
Goldenrod,75,973
Goldenrod,76,3310
Goldenrod,76,1860
Goldenrod,76,2811
Goldenrod,76,1375
Goldenrod,76,3140
Goldenrod,76,3426
Goldenrod,77,334
Goldenrod,77,4725
Goldenrod,77,2128
Goldenrod,77,352
Goldenrod,77,1732
Goldenrod,78,1476
Goldenrod,78,3645
Goldenrod,78,4571
Goldenrod,78,3583
Goldenrod,79,2566
Goldenrod,79,3130
Goldenrod,80,2522
Goldenrod,80,554
Goldenrod,80,2216
Goldenrod,80,3994
Goldenrod,80,3630
Goldenrod,80,954
Green,18,2432
Green,18,3841
Green,19,778
Green,19,2891
Green,20,2921
Green,20,3772
Green,20,1275
Green,20,2945
Green,21,3387
Green,21,2880
Green,22,3599
Green,22,3142
Green,22,490
Green,22,1892
Green,22,4557
Green,22,1304
Green,22,318
Green,22,2641
Green,23,3539
Green,23,1246
Green,23,271
Green,24,2740
Green,25,1753
Green,25,1278
Green,25,1852
Green,25,1824
Green,25,2451
Green,25,1760
Green,26,4165
Green,26,4710
Green,26,4970
Green,26,3635
Green,27,2753
Green,27,2725
Green,27,2168
Green,27,4708
Green,27,826
Green,28,374
Green,28,1401
Green,28,1388
Green,28,2312
Green,28,1096
Green,28,3701
Green,29,4447
Green,29,3962
Green,29,3066
Green,29,3173
Green,29,303
Green,30,3825
Green,30,2953
Green,30,3055
Green,30,4213
Green,30,4282
Green,30,1090
Green,30,3766
Green,31,4960
Green,31,3896
Green,31,2434
Green,32,2736
Green,32,2476
Green,32,2954
Green,32,2120
Green,33,4902
Green,33,3859
Green,33,4618
Green,33,542
Green,33,4135
Green,33,3006
Green,34,1146
Green,34,2026
Green,34,3634
Green,34,1713
Green,34,3416
Green,34,4233
Green,34,958
Green,34,2651
Green,34,4166
Green,35,1703
Green,35,4019
Green,35,2218
Green,35,4444
Green,36,337
Green,36,1650
Green,36,4118
Green,36,970
Green,37,1426
Green,37,4455
Green,37,4951
Green,37,589
Green,37,1305
Green,38,4204
Green,38,2008
Green,38,1709
Green,38,4749
Green,38,1733
Green,38,4752
Green,38,3704
Green,39,2159
Green,39,4121
Green,39,4288
Green,39,4421
Green,39,188
Green,39,498
Green,39,3560
Green,40,3223
Green,40,919
Green,40,4426
Green,40,4274
Green,40,4445
Green,40,3200
Green,41,2951
Green,41,4507
Green,41,3974
Green,41,3687
Green,41,2556
Green,41,3750
Green,42,301
Green,43,1152
Green,43,3829
Green,44,581
Green,44,1746
Green,44,3271
Green,44,3767
Green,44,411
Green,45,393
Green,45,1562
Green,45,2989
Green,45,4216
Green,45,1856
Green,46,938
Green,46,1576
Green,46,3468
Green,47,2000
Green,47,4110
Green,48,233
Green,48,3158
Green,48,4971
Green,49,709
Green,49,1100
Green,49,1890
Green,50,2377
Green,50,1754
Green,50,420
Green,50,2919
Green,50,3668
Green,51,2792
Green,51,2470
Green,51,4111
Green,51,1970
Green,51,3474
Green,51,793
Green,52,1343
Green,52,4934
Green,52,3640
Green,52,4238
Green,53,3288
Green,53,103
Green,53,2760
Green,53,1264
Green,54,1068
Green,54,3809
Green,54,4211
Green,54,4300
Green,55,4253
Green,55,4170
Green,55,79
Green,56,2387
Green,56,4104
Green,56,1153
Green,56,1744
Green,57,4312
Green,58,521
Green,59,1243
Green,59,4402
Green,60,2973
Green,60,571
Green,60,2892
Green,60,4542
Green,60,2190
Green,61,799
Green,61,222
Green,61,4161
Green,61,1442
Green,61,1820
Green,62,1210
Green,62,2256
Green,62,2534
Green,62,3957
Green,62,1877
Green,63,3739
Green,63,1481
Green,63,3579
Green,63,2172
Green,63,4269
Green,63,4136
Green,63,4884
Green,63,868
Green,64,294
Green,64,2564
Green,65,4494
Green,65,3218
Green,65,2350
Green,65,3620
Green,65,4094
Green,65,2156
Green,65,530
Green,65,3824
Green,66,4648
Green,66,3179
Green,67,3858
Green,67,2855
Green,67,3085
Green,67,1673
Green,67,1865
Green,68,104
Green,68,1095
Green,68,3847
Green,69,246
Green,69,4235
Green,69,1798
Green,69,1041
Green,69,4510
Green,70,1947
Green,70,2589
Green,70,206
Green,70,84
Green,70,4182
Green,71,4636
Green,71,480
Green,71,3445
Green,72,2135
Green,72,1541
Green,72,3931
Green,73,4472
Green,73,3863
Green,73,1913
Green,73,2930
Green,73,526
Green,73,1137
Green,73,2320
Green,74,29
Green,74,644
Green,74,3485
Green,75,2363
Green,75,4576
Green,75,2191
Green,75,1026
Green,75,2632
Green,76,413
Green,76,3886
Green,76,355
Green,76,4769
Green,76,3836
Green,76,3260
Green,77,1505
Green,77,987
Green,77,3459
Green,78,2783
Green,78,2796
Green,78,1360
Green,78,4676
Green,78,3734
Green,78,3078
Green,78,3449
Green,79,1751
Green,79,4517
Green,79,3182
Green,79,2108
Green,80,2438
Green,80,2928
Green,80,825
Green,80,2225
Green,80,669
Indigo,18,1016
Indigo,18,803
Indigo,18,572
Indigo,18,2019
Indigo,18,2084
Indigo,19,4979
Indigo,19,3937
Indigo,20,3748
Indigo,20,4733
Indigo,21,4178
Indigo,21,178
Indigo,21,4413
Indigo,21,4327
Indigo,21,4344
Indigo,22,2865
Indigo,22,4808
Indigo,22,1417
Indigo,23,4359
Indigo,23,1166
Indigo,23,468
Indigo,24,3792
Indigo,24,4514
Indigo,24,1504
Indigo,24,1020
Indigo,24,1849
Indigo,25,4563
Indigo,25,704
Indigo,25,208
Indigo,26,2883
Indigo,26,601
Indigo,27,4534
Indigo,27,3774
Indigo,28,4830
Indigo,28,3531
Indigo,28,2676
Indigo,29,2561
Indigo,29,2581
Indigo,30,2495
Indigo,30,2017
Indigo,30,126
Indigo,30,1894
Indigo,30,3749
Indigo,30,1749
Indigo,30,1962
Indigo,31,18
Indigo,31,4423
Indigo,32,1502
Indigo,32,3258
Indigo,32,3596
Indigo,32,4837
Indigo,33,3804
Indigo,33,2400
Indigo,33,1991
Indigo,33,1298
Indigo,33,476
Indigo,34,990
Indigo,34,2828
Indigo,34,3486
Indigo,34,3678
Indigo,34,877
Indigo,34,121
Indigo,35,1337
Indigo,35,2234
Indigo,35,1386
Indigo,36,1842
Indigo,36,1328
Indigo,37,3610
Indigo,37,3576
Indigo,37,2599
Indigo,37,1207
Indigo,37,965
Indigo,37,3718
Indigo,37,3852
Indigo,37,2293
Indigo,38,172
Indigo,38,1415
Indigo,38,3726
Indigo,38,2758
Indigo,38,715
Indigo,38,1396
Indigo,38,1170
Indigo,38,201
Indigo,38,231
Indigo,38,3332
Indigo,38,1238
Indigo,39,1575
Indigo,39,99
Indigo,39,3651
Indigo,39,4369
Indigo,39,3123
Indigo,39,4030
Indigo,39,747
Indigo,39,3722
Indigo,39,4825
Indigo,39,3117
Indigo,40,3356
Indigo,40,141
Indigo,41,3340
Indigo,41,890
Indigo,41,317
Indigo,41,2086
Indigo,42,2804
Indigo,42,2658
Indigo,42,3245
Indigo,43,3990
Indigo,43,2317
Indigo,43,54
Indigo,43,3360
Indigo,43,796
Indigo,44,932
Indigo,45,561
Indigo,45,593
Indigo,46,2437
Indigo,46,3454
Indigo,46,4316
Indigo,46,1284
Indigo,47,4795
Indigo,47,247
Indigo,47,3116
Indigo,47,962
Indigo,47,4141
Indigo,47,3392
Indigo,48,4818
Indigo,48,4160
Indigo,48,409
Indigo,48,1828
Indigo,48,3518
Indigo,49,2031
Indigo,49,4505
Indigo,49,2280
Indigo,49,3497
Indigo,49,2624
Indigo,49,2864
Indigo,50,1519
Indigo,50,1482
Indigo,50,1938
Indigo,51,1918
Indigo,52,824
Indigo,52,3598
Indigo,52,3475
Indigo,53,4401
Indigo,53,2861
Indigo,54,1674
Indigo,54,3144
Indigo,54,1811
Indigo,54,3083
Indigo,54,683
Indigo,54,1715
Indigo,54,1858
Indigo,54,1566
Indigo,54,2069
Indigo,54,114
Indigo,55,4037
Indigo,55,3267
Indigo,55,2709
Indigo,55,1279
Indigo,55,1616
Indigo,55,3444
Indigo,55,2313
Indigo,56,4784
Indigo,56,2934
Indigo,56,3720
Indigo,56,4619
Indigo,56,11
Indigo,56,2212
Indigo,56,3266
Indigo,56,2594
Indigo,57,4456
Indigo,57,3345
Indigo,57,4849
Indigo,57,167
Indigo,57,1790
Indigo,57,854
Indigo,57,4772
Indigo,57,1083
Indigo,58,4842
Indigo,58,1870
Indigo,58,2793
Indigo,58,4332
Indigo,58,1655
Indigo,58,4028
Indigo,59,3688
Indigo,59,243
Indigo,59,852
Indigo,59,4361
Indigo,60,1134
Indigo,60,2684
Indigo,60,4403
Indigo,61,3820
Indigo,61,3362
Indigo,61,3587
Indigo,61,2769
Indigo,62,640
Indigo,62,4068
Indigo,62,2179
Indigo,62,2936
Indigo,62,2703
Indigo,63,1301
Indigo,63,1006
Indigo,63,3301
Indigo,63,1367
Indigo,64,4871
Indigo,64,3031
Indigo,64,1714
Indigo,64,2807
Indigo,64,1214
Indigo,65,1596
Indigo,65,1461
Indigo,65,82
Indigo,65,692
Indigo,65,4663
Indigo,66,1067
Indigo,66,4222
Indigo,66,817
Indigo,66,891
Indigo,67,1019
Indigo,67,967
Indigo,67,452
Indigo,67,1106
Indigo,67,4742
Indigo,67,3098
Indigo,67,4881
Indigo,67,3823
Indigo,68,2935
Indigo,68,2547
Indigo,68,1488
Indigo,68,4846
Indigo,69,1055
Indigo,69,638
Indigo,69,935
Indigo,69,2496
Indigo,69,3007
Indigo,69,3137
Indigo,69,2030
Indigo,70,2810
Indigo,70,259
Indigo,70,2762
Indigo,70,3228
Indigo,70,1604
Indigo,70,3079
Indigo,71,3032
Indigo,71,3324
Indigo,71,2081
Indigo,71,771
Indigo,71,3233
Indigo,71,4465
Indigo,72,2977
Indigo,72,1129
Indigo,72,2744
Indigo,72,3149
Indigo,73,1923
Indigo,73,4679
Indigo,74,2415
Indigo,74,3690
Indigo,74,3506
Indigo,75,907
Indigo,75,2244
Indigo,75,2999
Indigo,76,2853
Indigo,76,4673
Indigo,76,179
Indigo,76,2033
Indigo,77,1560
Indigo,78,1404
Indigo,78,2603
Indigo,78,2701
Indigo,78,1529
Indigo,78,4944
Indigo,78,4930
Indigo,78,1542
Indigo,79,1809
Indigo,79,3828
Indigo,79,316
Indigo,79,3876
Indigo,79,1231
Indigo,80,696
Indigo,80,618
Indigo,80,1816
Indigo,80,3320
Indigo,80,885
Khaki,18,1512
Khaki,18,200
Khaki,19,3810
Khaki,19,1109
Khaki,19,2088
Khaki,19,1457
Khaki,19,697
Khaki,19,3655
Khaki,20,4313
Khaki,20,4829
Khaki,20,4978
Khaki,20,2833
Khaki,21,4999
Khaki,22,1725
Khaki,22,2410
Khaki,22,1591
Khaki,23,4764
Khaki,23,23
Khaki,23,1027
Khaki,24,2918
Khaki,24,3807
Khaki,24,1531
Khaki,24,1212
Khaki,24,3793
Khaki,24,419
Khaki,25,458
Khaki,25,4782
Khaki,25,1983
Khaki,25,2823
Khaki,25,680
Khaki,26,177
Khaki,26,4511
Khaki,26,908
Khaki,26,1393
Khaki,27,107
Khaki,27,3009
Khaki,27,4215
Khaki,27,1223
Khaki,27,2625
Khaki,27,2567
Khaki,27,2067
Khaki,27,3919
Khaki,27,2654
Khaki,28,928
Khaki,28,1758
Khaki,28,3529
Khaki,28,3527
Khaki,28,1524
Khaki,29,2692
Khaki,29,2123
Khaki,29,361
Khaki,29,2471
Khaki,31,1742
Khaki,31,4268
Khaki,31,1010
Khaki,31,848
Khaki,31,3230
Khaki,32,2214
Khaki,32,4537
Khaki,33,4484
Khaki,33,658
Khaki,33,2202
Khaki,34,584
Khaki,34,2539
Khaki,34,2181
Khaki,34,3442
Khaki,34,2680
Khaki,34,1547
Khaki,34,4195
Khaki,35,790
Khaki,36,3217
Khaki,36,2941
Khaki,36,1048
Khaki,37,944
Khaki,37,4720
Khaki,37,2101
Khaki,37,4279
Khaki,37,1864
Khaki,37,2073
Khaki,37,2200
Khaki,37,2398
Khaki,38,3670
Khaki,38,3050
Khaki,38,2507
Khaki,39,551
Khaki,39,1267
Khaki,40,2290
Khaki,40,2904
Khaki,41,251
Khaki,41,4803
Khaki,42,421
Khaki,42,3194
Khaki,42,3960
Khaki,42,2077
Khaki,42,4662
Khaki,43,4249
Khaki,43,2592
Khaki,43,4727
Khaki,43,2598
Khaki,43,4410
Khaki,43,645
Khaki,44,3457
Khaki,44,831
Khaki,44,4758
Khaki,44,1078
Khaki,45,4347
Khaki,45,265
Khaki,47,4047
Khaki,47,184
Khaki,47,4029
Khaki,48,2978
Khaki,48,2063
Khaki,48,4357
Khaki,49,4692
Khaki,49,4073
Khaki,49,2907
Khaki,50,2430
Khaki,50,1643
Khaki,50,3691
Khaki,50,2252
Khaki,50,4580
Khaki,50,2502
Khaki,51,305
Khaki,52,4711
Khaki,52,4747
Khaki,52,28
Khaki,52,3093
Khaki,52,4336
Khaki,53,1631
Khaki,53,1179
Khaki,53,4986
Khaki,54,2535
Khaki,54,678
Khaki,54,362
Khaki,55,876
Khaki,55,2818
Khaki,55,2492
Khaki,55,2302
Khaki,55,3172
Khaki,55,1151
Khaki,56,2627
Khaki,56,1197
Khaki,56,2642
Khaki,57,1308
Khaki,57,417
Khaki,57,4883
Khaki,57,3476
Khaki,57,2673
Khaki,57,4823
Khaki,58,4549
Khaki,58,164
Khaki,58,3550
Khaki,58,220
Khaki,59,1748
Khaki,59,4681
Khaki,60,2429
Khaki,60,432
Khaki,60,1589
Khaki,60,2815
Khaki,60,160
Khaki,60,4212
Khaki,60,3728
Khaki,60,3334
Khaki,60,508
Khaki,61,3163
Khaki,61,1334
Khaki,61,591
Khaki,61,163
Khaki,61,2682
Khaki,62,3679
Khaki,62,3431
Khaki,62,839
Khaki,62,1310
Khaki,62,4184
Khaki,63,1549
Khaki,63,3617
Khaki,63,4530
Khaki,63,2850
Khaki,64,4891
Khaki,64,2295
Khaki,64,1155
Khaki,64,4007
Khaki,64,1832
Khaki,65,2674
Khaki,65,1708
Khaki,66,2062
Khaki,66,2938
Khaki,66,1999
Khaki,66,3087
Khaki,66,4814
Khaki,66,4616
Khaki,66,4651
Khaki,67,672
Khaki,68,1599
Khaki,68,909
Khaki,68,583
Khaki,69,2333
Khaki,69,3633
Khaki,69,553
Khaki,69,1299
Khaki,69,3822
Khaki,70,2712
Khaki,70,1861
Khaki,70,4592
Khaki,70,1434
Khaki,71,3873
Khaki,71,1473
Khaki,71,4584
Khaki,71,3268
Khaki,71,2525
Khaki,71,3672
Khaki,72,536
Khaki,73,4055
Khaki,75,3188
Khaki,75,4741
Khaki,76,3436
Khaki,76,531
Khaki,76,4109
Khaki,77,3526
Khaki,77,1895
Khaki,77,2616
Khaki,77,2610
Khaki,78,297
Khaki,78,2576
Khaki,78,2027
Khaki,79,435
Khaki,79,3664
Khaki,80,2364
Khaki,80,1416
Khaki,80,4722
Maroon,18,1988
Maroon,18,2543
Maroon,18,3477
Maroon,18,4171
Maroon,18,2378
Maroon,18,2257
Maroon,18,4367
Maroon,18,2085
Maroon,18,650
Maroon,19,406
Maroon,19,2138
Maroon,19,3741
Maroon,19,3662
Maroon,19,4093
Maroon,19,2942
Maroon,19,833
Maroon,19,4767
Maroon,20,2588
Maroon,21,4082
Maroon,21,3263
Maroon,21,765
Maroon,21,1691
Maroon,21,2867
Maroon,21,1556
Maroon,22,1004
Maroon,22,4259
Maroon,22,735
Maroon,22,705
Maroon,22,4117
Maroon,22,4831
Maroon,23,1042
Maroon,23,1564
Maroon,23,3850
Maroon,23,2874
Maroon,24,1671
Maroon,24,4411
Maroon,24,2937
Maroon,24,934
Maroon,24,4074
Maroon,24,4042
Maroon,24,1934
Maroon,25,3694
Maroon,25,2380
Maroon,26,4632
Maroon,26,2251
Maroon,26,2734
Maroon,26,4776
Maroon,26,1614
Maroon,26,1376
Maroon,27,4540
Maroon,27,3871
Maroon,27,2777
Maroon,27,3911
Maroon,28,3609
Maroon,28,2405
Maroon,28,1818
Maroon,28,407
Maroon,28,2888
Maroon,29,690
Maroon,29,2395
Maroon,29,3717
Maroon,29,3226
Maroon,30,2584
Maroon,30,129
Maroon,30,4981
Maroon,31,4417
Maroon,31,4878
Maroon,31,2830
Maroon,31,3036
Maroon,31,2540
Maroon,31,1007
Maroon,32,1951
Maroon,32,4655
Maroon,32,1993
Maroon,32,4076
Maroon,32,1944
Maroon,32,1281
Maroon,33,4027
Maroon,33,3582
Maroon,33,3389
Maroon,33,539
Maroon,33,846
Maroon,34,4508
Maroon,34,2687
Maroon,34,3967
Maroon,34,3368
Maroon,34,2039
Maroon,34,880
Maroon,34,900
Maroon,35,2752
Maroon,35,4492
Maroon,35,1525
Maroon,35,3145
Maroon,36,8
Maroon,36,4907
Maroon,36,3286
Maroon,36,910
Maroon,37,2679
Maroon,37,2416
Maroon,37,4214
Maroon,37,1126
Maroon,38,950
Maroon,38,1136
Maroon,38,4428
Maroon,39,48
Maroon,39,754
Maroon,40,1906
Maroon,40,3839
Maroon,40,1652
Maroon,41,2296
Maroon,41,1241
Maroon,41,4151
Maroon,42,4739
Maroon,42,2671
Maroon,43,1028
Maroon,43,1637
Maroon,43,1815
Maroon,43,3830
Maroon,44,1926
Maroon,44,1603
Maroon,44,517
Maroon,45,3979
Maroon,45,4295
Maroon,45,1314
Maroon,45,1843
Maroon,45,1005
Maroon,46,4265
Maroon,46,702
Maroon,46,4824
Maroon,46,606
Maroon,46,3132
Maroon,46,4303
Maroon,47,395
Maroon,47,3393
Maroon,48,3409
Maroon,48,3765
Maroon,49,3159
Maroon,49,1783
Maroon,49,2187
Maroon,49,33
Maroon,50,4520
Maroon,51,310
Maroon,51,4617
Maroon,51,1147
Maroon,51,2250
Maroon,52,1781
Maroon,52,1204
Maroon,52,2659
Maroon,52,874
Maroon,52,4856
Maroon,52,4603
Maroon,52,2961
Maroon,52,1667
Maroon,52,3196
Maroon,53,1395
Maroon,53,2772
Maroon,53,2408
Maroon,53,1225
Maroon,53,1165
Maroon,53,3538
Maroon,53,3522
Maroon,54,787
Maroon,54,2037
Maroon,54,4646
Maroon,54,621
Maroon,55,1411
Maroon,55,4365
Maroon,55,3270
Maroon,55,4877
Maroon,55,4319
Maroon,56,3309
Maroon,57,333
Maroon,57,3317
Maroon,58,1977
Maroon,58,2766
Maroon,58,4208
Maroon,58,1632
Maroon,58,3606
Maroon,58,3781
Maroon,58,4355
Maroon,59,3826
Maroon,59,4
Maroon,59,733
Maroon,59,2655
Maroon,59,1112
Maroon,60,1439
Maroon,60,1499
Maroon,61,4321
Maroon,61,4661
Maroon,61,2124
Maroon,62,3992
Maroon,62,1335
Maroon,62,1878
Maroon,63,3458
Maroon,63,1001
Maroon,63,428
Maroon,63,379
Maroon,64,763
Maroon,64,1089
Maroon,64,851
Maroon,65,2901
Maroon,65,4103
Maroon,65,1236
Maroon,65,895
Maroon,65,205
Maroon,65,225
Maroon,66,751
Maroon,66,3627
Maroon,66,3797
Maroon,67,3533
Maroon,67,884
Maroon,67,4149
Maroon,67,881
Maroon,67,3192
Maroon,68,2275
Maroon,69,4266
Maroon,69,1317
Maroon,69,1810
Maroon,69,1110
Maroon,70,2368
Maroon,71,873
Maroon,71,3274
Maroon,71,966
Maroon,71,3351
Maroon,72,1086
Maroon,72,619
Maroon,72,1244
Maroon,72,3519
Maroon,72,1422
Maroon,72,2180
Maroon,72,2972
Maroon,72,2926
Maroon,73,3508
Maroon,73,2188
Maroon,73,699
Maroon,73,4964
Maroon,74,717
Maroon,74,3290
Maroon,75,3548
Maroon,75,4086
Maroon,75,976
Maroon,75,904
Maroon,75,3686
Maroon,76,3438
Maroon,76,710
Maroon,77,2595
Maroon,78,278
Maroon,79,4701
Maroon,79,3207
Maroon,79,1036
Maroon,79,2355
Maroon,79,3535
Maroon,79,4003
Maroon,79,2971
Maroon,80,2727
Maroon,80,396
Maroon,80,1088
Maroon,80,1321
Mauv,18,2962
Mauv,18,1851
Mauv,18,491
Mauv,18,682
Mauv,18,3232
Mauv,18,2446
Mauv,19,462
Mauv,19,1807
Mauv,19,376
Mauv,19,3199
Mauv,19,3975
Mauv,19,4668
Mauv,20,3997
Mauv,20,2587
Mauv,20,1641
Mauv,20,3785
Mauv,20,2885
Mauv,21,2993
Mauv,21,984
Mauv,21,3136
Mauv,22,3385
Mauv,23,845
Mauv,23,3068
Mauv,23,4155
Mauv,23,2291
Mauv,23,2092
Mauv,23,2424
Mauv,24,695
Mauv,24,1670
Mauv,24,959
Mauv,25,3133
Mauv,25,3934
Mauv,25,590
Mauv,26,3386
Mauv,26,3753
Mauv,26,3447
Mauv,26,1119
Mauv,26,3981
Mauv,27,4145
Mauv,27,1039
Mauv,27,4286
Mauv,27,4038
Mauv,27,1737
Mauv,28,956
Mauv,28,1763
Mauv,28,4569
Mauv,28,3435
Mauv,28,3654
Mauv,29,2741
Mauv,29,821
Mauv,29,4452
Mauv,29,853
Mauv,29,3544
Mauv,30,3738
Mauv,30,3966
Mauv,31,378
Mauv,32,1846
Mauv,32,3406
Mauv,32,1076
Mauv,33,1797
Mauv,33,670
Mauv,33,4381
Mauv,33,3764
Mauv,33,4909
Mauv,33,2127
Mauv,33,2866
Mauv,33,3614
Mauv,33,3879
Mauv,33,2155
Mauv,34,2868
Mauv,34,4525
Mauv,34,2004
Mauv,34,3372
Mauv,35,1872
Mauv,35,3166
Mauv,35,4678
Mauv,35,501
Mauv,35,4935
Mauv,36,3327
Mauv,36,276
Mauv,36,929
Mauv,36,1559
Mauv,36,886
Mauv,37,1917
Mauv,38,3493
Mauv,38,1221
Mauv,38,447
Mauv,39,2981
Mauv,39,489
Mauv,39,1406
Mauv,39,2849
Mauv,40,2341
Mauv,40,988
Mauv,41,776
Mauv,41,4140
Mauv,41,3171
Mauv,41,786
Mauv,41,4536
Mauv,42,2207
Mauv,42,2423
Mauv,42,240
Mauv,42,4370
Mauv,42,4419
Mauv,42,2367
Mauv,43,2219
Mauv,43,3029
Mauv,43,4114
Mauv,44,520
Mauv,44,2015
Mauv,44,2998
Mauv,44,3069
Mauv,45,4453
Mauv,45,1104
Mauv,45,2079
Mauv,45,3549
Mauv,46,2421
Mauv,46,3569
Mauv,46,3935
Mauv,46,1686
Mauv,46,4690
Mauv,46,3744
Mauv,46,448
Mauv,47,4908
Mauv,47,3175
Mauv,47,1091
Mauv,48,1580
Mauv,48,1964
Mauv,48,922
Mauv,48,4481
Mauv,49,1881
Mauv,49,1829
Mauv,49,1689
Mauv,49,1871
Mauv,49,4124
Mauv,50,1077
Mauv,50,3595
Mauv,50,2716
Mauv,50,1429
Mauv,50,2409
Mauv,51,414
Mauv,51,1030
Mauv,51,3371
Mauv,51,814
Mauv,51,4386
Mauv,51,1291
Mauv,52,1845
Mauv,52,860
Mauv,52,186
Mauv,53,1920
Mauv,53,1606
Mauv,53,217
Mauv,53,2064
Mauv,53,422
Mauv,53,2814
Mauv,54,2348
Mauv,54,1489
Mauv,54,1997
Mauv,54,1679
Mauv,54,2837
Mauv,54,2732
Mauv,55,2794
Mauv,55,4631
Mauv,55,1452
Mauv,55,4952
Mauv,55,3375
Mauv,55,4098
Mauv,56,3254
Mauv,56,867
Mauv,57,3037
Mauv,58,3215
Mauv,58,2288
Mauv,58,1354
Mauv,58,2283
Mauv,59,4724
Mauv,59,3121
Mauv,59,4541
Mauv,60,4806
Mauv,60,4448
Mauv,60,4544
Mauv,60,323
Mauv,60,605
Mauv,61,2572
Mauv,61,73
Mauv,61,3628
Mauv,61,3933
Mauv,61,3155
Mauv,62,3901
Mauv,62,4070
Mauv,62,153
Mauv,62,3578
Mauv,62,4556
Mauv,63,3255
Mauv,63,1592
Mauv,63,4023
Mauv,63,4153
Mauv,63,2717
Mauv,64,2784
Mauv,64,4305
Mauv,65,3483
Mauv,65,4753
Mauv,66,2750
Mauv,66,760
Mauv,66,4318
Mauv,66,4368
Mauv,66,2681
Mauv,66,364
Mauv,67,3128
Mauv,67,2538
Mauv,67,991
Mauv,68,32
Mauv,69,1854
Mauv,69,1728
Mauv,69,3114
Mauv,69,4680
Mauv,70,3482
Mauv,70,2639
Mauv,70,1630
Mauv,70,2644
Mauv,71,2106
Mauv,71,2324
Mauv,71,230
Mauv,71,1054
Mauv,72,3246
Mauv,72,1332
Mauv,72,3584
Mauv,73,3099
Mauv,73,4491
Mauv,74,801
Mauv,74,4349
Mauv,74,545
Mauv,74,1789
Mauv,75,4566
Mauv,75,4130
Mauv,75,2516
Mauv,75,2481
Mauv,75,3869
Mauv,75,2933
Mauv,75,2374
Mauv,75,4424
Mauv,75,86
Mauv,75,2635
Mauv,76,671
Mauv,77,4773
Mauv,77,2963
Mauv,77,3170
Mauv,77,4734
Mauv,77,474
Mauv,77,3414
Mauv,77,1118
Mauv,77,2049
Mauv,77,4425
Mauv,78,1209
Mauv,78,229
Mauv,78,1622
Mauv,78,2982
Mauv,78,4294
Mauv,80,2298
Mauv,80,2149
Orange,18,582
Orange,18,4605
Orange,18,433
Orange,18,242
Orange,18,1257
Orange,19,1483
Orange,19,232
Orange,19,549
Orange,19,4524
Orange,19,2609
Orange,20,2893
Orange,20,2824
Orange,20,2040
Orange,21,1982
Orange,21,4565
Orange,21,4096
Orange,21,3512
Orange,22,4326
Orange,22,26
Orange,22,165
Orange,22,2633
Orange,23,4839
Orange,23,4043
Orange,23,34
Orange,23,3723
Orange,23,779
Orange,23,4801
Orange,24,2956
Orange,24,120
Orange,24,4785
Orange,24,3853
Orange,25,3064
Orange,25,2281
Orange,25,4412
Orange,25,1188
Orange,25,4921
Orange,25,4926
Orange,26,1018
Orange,26,887
Orange,26,3601
Orange,26,4180
Orange,27,4945
Orange,27,4077
Orange,28,1290
Orange,28,3428
Orange,28,1593
Orange,28,1378
Orange,29,983
Orange,29,2419
Orange,29,4010
Orange,30,1130
Orange,30,512
Orange,31,4895
Orange,31,1025
Orange,31,2916
Orange,31,1346
Orange,31,2356
Orange,31,3062
Orange,31,2898
Orange,32,541
Orange,32,4843
Orange,33,1446
Orange,33,1936
Orange,34,2342
Orange,34,2097
Orange,34,4333
Orange,34,894
Orange,34,320
Orange,35,94
Orange,35,4905
Orange,35,1383
Orange,35,207
Orange,36,1490
Orange,36,1435
Orange,36,2834
Orange,36,3272
Orange,36,3465
Orange,38,1847
Orange,38,2573
Orange,38,250
Orange,39,4310
Orange,39,2286
Orange,39,3319
Orange,39,3857
Orange,40,2012
Orange,40,439
Orange,40,3889
Orange,41,4705
Orange,41,734
Orange,42,4471
Orange,42,1799
Orange,42,2959
Orange,42,3348
Orange,42,2607
Orange,42,4193
Orange,43,2702
Orange,43,920
Orange,43,4718
Orange,44,503
Orange,44,4896
Orange,44,4697
Orange,45,158
Orange,45,3913
Orange,45,1778
Orange,45,2886
Orange,45,1508
Orange,46,81
Orange,46,558
Orange,46,2391
Orange,46,3305
Orange,46,3430
Orange,46,4054
Orange,46,3282
Orange,47,4519
Orange,47,4099
Orange,48,4232
Orange,48,3861
Orange,48,1986
Orange,49,4478
Orange,49,1722
Orange,50,62
Orange,50,3269
Orange,50,755
Orange,50,566
Orange,50,662
Orange,51,4503
Orange,51,4640
Orange,51,1537
Orange,51,3693
Orange,51,3231
Orange,52,2664
Orange,52,2694
Orange,52,1487
Orange,53,830
Orange,53,1817
Orange,54,4116
Orange,54,3586
Orange,55,4069
Orange,55,4751
Orange,55,3874
Orange,55,4490
Orange,56,3698
Orange,56,2228
Orange,56,434
Orange,56,3186
Orange,56,744
Orange,57,3461
Orange,57,4713
Orange,57,2646
Orange,58,2399
Orange,58,4022
Orange,58,3417
Orange,58,325
Orange,58,2453
Orange,59,612
Orange,59,4587
Orange,59,4071
Orange,59,4404
Orange,59,3885
Orange,60,557
Orange,60,2836
Orange,60,3450
Orange,60,1838
Orange,60,330
Orange,60,4476
Orange,61,1410
Orange,61,1774
Orange,61,1570
Orange,61,4143
Orange,61,1205
Orange,61,1211
Orange,61,1682
Orange,62,1717
Orange,62,2503
Orange,62,1103
Orange,62,2696
Orange,62,2115
Orange,62,4811
Orange,63,1107
Orange,63,2309
Orange,64,4969
Orange,64,3015
Orange,64,1217
Orange,64,673
Orange,65,3923
Orange,65,2093
Orange,65,725
Orange,65,3466
Orange,65,3927
Orange,65,3648
Orange,66,1427
Orange,66,4064
Orange,66,4307
Orange,67,2527
Orange,67,2072
Orange,67,1775
Orange,67,27
Orange,67,3999
Orange,67,1625
Orange,68,2672
Orange,68,1586
Orange,68,416
Orange,68,1613
Orange,68,3964
Orange,69,2841
Orange,69,2321
Orange,70,4761
Orange,70,4383
Orange,70,346
Orange,71,2618
Orange,71,2568
Orange,71,3183
Orange,72,1526
Orange,72,1510
Orange,72,1723
Orange,73,1269
Orange,73,1364
Orange,73,4596
Orange,74,1825
Orange,74,2529
Orange,74,3862
Orange,74,3300
Orange,74,235
Orange,74,375
Orange,74,4228
Orange,75,947
Orange,76,3742
Orange,76,2486
Orange,76,3247
Orange,76,770
Orange,77,4572
Orange,77,4147
Orange,77,2554
Orange,77,1523
Orange,77,2338
Orange,78,1432
Orange,78,1831
Orange,78,657
Orange,78,2170
Orange,78,816
Orange,79,1595
Orange,79,1000
Orange,79,245
Orange,79,1654
Orange,80,2548
Orange,80,2431
Orange,80,3936
Orange,80,4613
Pink,18,1468
Pink,18,193
Pink,18,3021
Pink,18,2563
Pink,18,1612
Pink,18,63
Pink,18,4306
Pink,19,1958
Pink,19,2454
Pink,19,3805
Pink,19,12
Pink,20,563
Pink,20,2612
Pink,20,3463
Pink,20,1915
Pink,21,4378
Pink,21,2785
Pink,21,4992
Pink,21,544
Pink,21,1324
Pink,22,4159
Pink,22,2383
Pink,22,2947
Pink,22,3467
Pink,22,1255
Pink,23,3895
Pink,23,1533
Pink,23,4765
Pink,23,2877
Pink,23,4395
Pink,24,2675
Pink,24,311
Pink,25,203
Pink,25,171
Pink,25,2175
Pink,25,2021
Pink,25,4798
Pink,25,931
Pink,25,588
Pink,26,4057
Pink,26,113
Pink,27,4107
Pink,27,575
Pink,27,1148
Pink,27,173
Pink,27,3257
Pink,28,602
Pink,28,3603
Pink,28,3689
Pink,28,2897
Pink,29,2590
Pink,29,1377
Pink,29,1156
Pink,29,348
Pink,29,3003
Pink,30,707
Pink,30,2517
Pink,30,2089
Pink,31,720
Pink,31,2373
Pink,31,41
Pink,31,1371
Pink,31,2386
Pink,31,3292
Pink,32,3849
Pink,32,4568
Pink,33,4874
Pink,33,3341
Pink,33,3800
Pink,34,2669
Pink,34,752
Pink,34,146
Pink,35,711
Pink,36,4528
Pink,36,1252
Pink,36,4350
Pink,36,1240
Pink,36,4065
Pink,36,2263
Pink,36,1741
Pink,36,2241
Pink,36,1634
Pink,37,1472
Pink,37,2201
Pink,37,1736
Pink,37,3013
Pink,37,4641
Pink,38,4965
Pink,38,3815
Pink,38,1418
Pink,38,4021
Pink,39,3359
Pink,39,1363
Pink,39,3803
Pink,39,3495
Pink,39,3763
Pink,39,3592
Pink,39,4422
Pink,39,133
Pink,39,1424
Pink,39,3892
Pink,40,1644
Pink,40,1033
Pink,40,2485
Pink,40,1773
Pink,41,4538
Pink,41,773
Pink,42,4875
Pink,42,144
Pink,42,2052
Pink,42,2048
Pink,42,1075
Pink,42,3195
Pink,42,2562
Pink,42,3307
Pink,43,4227
Pink,43,1169
Pink,43,1082
Pink,43,3860
Pink,44,1692
Pink,44,2638
Pink,44,4961
Pink,44,687
Pink,44,3541
Pink,44,4770
Pink,45,2477
Pink,45,1012
Pink,45,3076
Pink,45,1734
Pink,45,125
Pink,45,1485
Pink,45,1455
Pink,46,3019
Pink,46,4251
Pink,46,3278
Pink,46,1904
Pink,46,4564
Pink,47,3516
Pink,47,850
Pink,48,3799
Pink,48,989
Pink,48,43
Pink,48,4033
Pink,49,3864
Pink,49,4374
Pink,49,4275
Pink,49,328
Pink,50,4244
Pink,50,4614
Pink,50,4816
Pink,50,1888
Pink,50,431
Pink,50,675
Pink,51,3397
Pink,51,3433
Pink,51,2549
Pink,51,2323
Pink,51,147
Pink,52,528
Pink,53,1173
Pink,53,2770
Pink,53,3455
Pink,53,152
Pink,53,279
Pink,53,3479
Pink,53,2737
Pink,54,2931
Pink,54,1979
Pink,55,681
Pink,55,4870
Pink,55,156
Pink,55,1561
Pink,55,1973
Pink,56,3883
Pink,56,2791
Pink,56,2165
Pink,57,57
Pink,57,3208
Pink,58,2016
Pink,58,1295
Pink,58,3165
Pink,58,1428
Pink,59,3872
Pink,59,4889
Pink,59,3221
Pink,59,185
Pink,60,1294
Pink,60,1450
Pink,60,4175
Pink,60,3705
Pink,61,1372
Pink,61,1362
Pink,61,1535
Pink,61,1943
Pink,61,1793
Pink,61,3906
Pink,62,3198
Pink,62,3342
Pink,62,3759
Pink,62,1836
Pink,63,1296
Pink,63,2802
Pink,63,3333
Pink,63,3921
Pink,63,4588
Pink,63,2139
Pink,63,1587
Pink,64,16
Pink,64,1249
Pink,65,2237
Pink,65,2510
Pink,65,4137
Pink,65,1128
Pink,65,3564
Pink,65,9
Pink,66,3696
Pink,67,4454
Pink,67,3022
Pink,67,2596
Pink,67,1058
Pink,67,340
Pink,68,1534
Pink,68,2711
Pink,68,2583
Pink,68,2487
Pink,68,477
Pink,69,661
Pink,69,4497
Pink,70,3612
Pink,70,384
Pink,70,1985
Pink,70,2411
Pink,70,3169
Pink,70,792
Pink,70,3525
Pink,71,1052
Pink,71,3280
Pink,71,3350
Pink,71,1193
Pink,71,3790
Pink,72,2379
Pink,72,1795
Pink,72,210
Pink,72,1392
Pink,73,2647
Pink,73,960
Pink,73,2768
Pink,74,2272
Pink,74,4954
Pink,74,4693
Pink,74,3707
Pink,74,2586
Pink,74,1051
Pink,75,731
Pink,75,548
Pink,75,781
Pink,75,2619
Pink,75,4963
Pink,76,1910
Pink,76,3752
Pink,76,1553
Pink,76,2449
Pink,76,332
Pink,77,3211
Pink,77,1116
Pink,77,3530
Pink,79,1311
Pink,79,4990
Pink,79,289
Pink,79,2580
Pink,79,344
Pink,79,3880
Pink,79,1911
Pink,79,4148
Pink,79,1239
Pink,80,1336
Pink,80,105
Pink,80,1539
Pink,80,3261
Puce,18,2896
Puce,18,4257
Puce,19,1946
Puce,19,365
Puce,19,3866
Puce,19,314
Puce,19,2460
Puce,20,4659
Puce,20,4923
Puce,20,739
Puce,20,3106
Puce,20,83
Puce,21,4638
Puce,21,3618
Puce,21,4888
Puce,21,2427
Puce,21,4254
Puce,22,3547
Puce,22,3915
Puce,22,4543
Puce,22,2585
Puce,23,4432
Puce,24,4958
Puce,24,3973
Puce,24,1029
Puce,24,3948
Puce,24,466
Puce,24,3938
Puce,24,784
Puce,25,4700
Puce,25,1318
Puce,25,3238
Puce,26,2022
Puce,26,2948
Puce,26,2661
Puce,26,4240
Puce,27,219
Puce,27,4797
Puce,27,1902
Puce,27,4101
Puce,27,4716
Puce,28,1823
Puce,28,3225
Puce,28,4918
Puce,28,3016
Puce,28,4462
Puce,29,3986
Puce,29,3227
Puce,29,192
Puce,29,2292
Puce,29,3299
Puce,29,4820
Puce,29,2640
Puce,30,3357
Puce,30,1276
Puce,30,286
Puce,30,2193
Puce,30,4893
Puce,30,2700
Puce,30,3808
Puce,30,4441
Puce,30,915
Puce,30,492
Puce,31,716
Puce,31,2699
Puce,31,3743
Puce,32,1738
Puce,32,3102
Puce,32,2351
Puce,33,3695
Puce,33,226
Puce,33,445
Puce,33,3071
Puce,34,1202
Puce,34,1540
Puce,34,3751
Puce,34,742
Puce,35,224
Puce,35,4477
Puce,35,4191
Puce,36,1266
Puce,36,592
Puce,36,4197
Puce,36,3736
Puce,36,4031
Puce,36,2240
Puce,36,3148
Puce,37,4531
Puce,37,4779
Puce,37,1928
Puce,37,1963
Puce,37,2447
Puce,37,1474
Puce,37,1289
Puce,37,4468
Puce,38,1511
Puce,38,3737
Puce,38,4515
Puce,39,961
Puce,39,454
Puce,39,1050
Puce,39,497
Puce,39,3568
Puce,40,4848
Puce,40,4382
Puce,40,4105
Puce,40,2504
Puce,40,3902
Puce,40,96
Puce,41,2136
Puce,41,514
Puce,41,3224
Puce,41,3890
Puce,41,1480
Puce,42,2166
Puce,42,3264
Puce,42,1198
Puce,42,3812
Puce,42,3838
Puce,42,4158
Puce,43,143
Puce,43,408
Puce,43,295
Puce,43,607
Puce,44,772
Puce,44,4799
Puce,44,4813
Puce,45,88
Puce,45,4309
Puce,46,3854
Puce,47,1183
Puce,47,2006
Puce,47,3070
Puce,47,3355
Puce,48,2636
Puce,48,2465
Puce,48,438
Puce,48,2555
Puce,49,3941
Puce,49,2337
Puce,50,4377
Puce,50,1127
Puce,50,2774
Puce,51,1515
Puce,51,2634
Puce,51,2100
Puce,51,4526
Puce,51,4740
Puce,51,1602
Puce,51,505
Puce,52,879
Puce,52,307
Puce,52,2677
Puce,52,1379
Puce,52,519
Puce,52,2497
Puce,52,1772
Puce,52,1874
Puce,53,2060
Puce,53,140
Puce,53,1935
Puce,53,622
Puce,53,2578
Puce,53,1739
Puce,54,4348
Puce,54,2289
Puce,54,2668
Puce,54,3103
Puce,54,4523
Puce,54,2925
Puce,55,2055
Puce,55,2844
Puce,55,3203
Puce,56,1200
Puce,56,4599
Puce,56,1306
Puce,56,443
Puce,56,191
Puce,56,4256
Puce,56,1839
Puce,57,4763
Puce,57,4460
Puce,57,1120
Puce,57,1108
Puce,58,565
Puce,58,2678
Puce,58,1470
Puce,59,791
Puce,60,4973
Puce,60,281
Puce,60,4900
Puce,60,798
Puce,60,4521
Puce,60,383
Puce,61,139
Puce,61,4119
Puce,61,3877
Puce,61,1178
Puce,61,800
Puce,62,2731
Puce,62,4787
Puce,62,183
Puce,62,2366
Puce,62,168
Puce,63,974
Puce,63,2412
Puce,63,4721
Puce,63,2488
Puce,63,3399
Puce,63,4922
Puce,63,3988
Puce,63,1227
Puce,64,4152
Puce,64,2620
Puce,64,4828
Puce,65,4674
Puce,65,3594
Puce,65,3725
Puce,65,3376
Puce,65,436
Puce,66,3216
Puce,66,400
Puce,66,2319
Puce,66,1361
Puce,66,290
Puce,67,3347
Puce,67,3294
Puce,68,774
Puce,68,1002
Puce,68,4609
Puce,68,3827
Puce,69,442
Puce,69,1447
Puce,69,2843
Puce,69,3991
Puce,69,2005
Puce,70,3837
Puce,70,2141
Puce,70,4263
Puce,70,1814
Puce,70,4345
Puce,71,1206
Puce,71,3452
Puce,71,2203
Puce,71,4179
Puce,71,532
Puce,71,2189
Puce,72,1900
Puce,72,2611
Puce,72,2940
Puce,72,2506
Puce,73,1635
Puce,73,4860
Puce,73,106
Puce,74,1186
Puce,74,2233
Puce,74,4390
Puce,74,3046
Puce,74,674
Puce,74,933
Puce,74,4625
Puce,75,3147
Puce,75,3304
Puce,75,1158
Puce,76,4861
Puce,76,743
Puce,76,1998
Puce,76,4087
Puce,76,4194
Puce,76,2990
Puce,76,1405
Puce,77,1355
Puce,77,2213
Puce,78,2570
Puce,78,3816
Puce,78,3446
Puce,78,1656
Puce,79,4845
Puce,79,2145
Puce,80,135
Puce,80,2099
Puce,80,1261
Puce,80,4810
Puce,80,4498
Puce,80,2754
Puce,80,3484
Purple,18,2091
Purple,18,3814
Purple,18,4089
Purple,18,3833
Purple,19,3325
Purple,19,2870
Purple,20,1218
Purple,20,3818
Purple,20,2600
Purple,20,4373
Purple,20,924
Purple,21,3000
Purple,21,1315
Purple,21,3024
Purple,22,1208
Purple,22,17
Purple,23,267
Purple,23,3490
Purple,23,2509
Purple,23,3561
Purple,23,1514
Purple,23,3115
Purple,23,4726
Purple,23,4865
Purple,24,840
Purple,24,1863
Purple,24,598
Purple,24,1253
Purple,24,2010
Purple,24,2462
Purple,25,1956
Purple,26,577
Purple,26,1399
Purple,26,3202
Purple,27,3154
Purple,27,444
Purple,29,2505
Purple,29,2365
Purple,29,410
Purple,29,3241
Purple,30,3540
Purple,30,648
Purple,31,3074
Purple,31,788
Purple,31,4812
Purple,32,3143
Purple,32,4434
Purple,32,1057
Purple,32,2821
Purple,33,3984
Purple,33,1572
Purple,33,4688
Purple,33,4474
Purple,33,4768
Purple,34,2985
Purple,34,4120
Purple,34,1868
Purple,34,750
Purple,35,3156
Purple,35,1352
Purple,35,351
Purple,35,2854
Purple,35,3176
Purple,36,2396
Purple,36,1495
Purple,36,3395
Purple,36,2185
Purple,36,1903
Purple,36,3424
Purple,36,1972
Purple,37,4198
Purple,37,2889
Purple,37,4911
Purple,37,3656
Purple,37,2903
Purple,37,2706
Purple,37,2474
Purple,37,1610
Purple,38,2759
Purple,38,576
Purple,39,353
Purple,39,3002
Purple,39,3005
Purple,39,3124
Purple,39,3204
Purple,39,1374
Purple,39,849
Purple,40,3870
Purple,40,4704
Purple,40,1557
Purple,40,1886
Purple,41,3943
Purple,41,2662
Purple,41,1619
Purple,42,2163
Purple,42,2160
Purple,42,1345
Purple,42,2852
Purple,42,3287
Purple,42,4154
Purple,42,2162
Purple,43,1111
Purple,43,3939
Purple,43,3313
Purple,43,4487
Purple,44,518
Purple,44,424
Purple,44,2781
Purple,44,4665
Purple,44,4841
Purple,44,906
Purple,45,1194
Purple,45,1044
Purple,45,4059
Purple,45,2767
Purple,45,691
Purple,46,1229
Purple,46,255
Purple,46,4925
Purple,46,4826
Purple,46,1232
Purple,47,3884
Purple,47,3222
Purple,47,2074
Purple,48,2863
Purple,48,4667
Purple,48,1003
Purple,48,3478
Purple,49,1063
Purple,49,4320
Purple,49,4621
Purple,50,1349
Purple,50,3061
Purple,50,370
Purple,50,2388
Purple,50,1195
Purple,51,2910
Purple,51,537
Purple,51,1081
Purple,51,298
Purple,52,3509
Purple,52,4162
Purple,52,4866
Purple,52,3910
Purple,53,40
Purple,53,4847
Purple,53,995
Purple,53,3600
Purple,53,1047
Purple,53,4371
Purple,54,4671
Purple,54,4002
Purple,54,1463
Purple,54,3787
Purple,54,3571
Purple,54,3104
Purple,55,4786
Purple,55,4788
Purple,55,60
Purple,55,3735
Purple,56,3842
Purple,56,1368
Purple,56,145
Purple,57,843
Purple,57,1959
Purple,57,4324
Purple,58,3377
Purple,58,4011
Purple,58,3214
Purple,58,4131
Purple,58,4048
Purple,59,1141
Purple,59,3700
Purple,59,3210
Purple,59,3951
Purple,60,2433
Purple,60,4735
Purple,60,3421
Purple,60,1062
Purple,60,905
Purple,60,878
Purple,61,768
Purple,61,4762
Purple,61,2248
Purple,61,3058
Purple,61,1558
Purple,61,3491
Purple,61,4982
Purple,61,3396
Purple,62,2279
Purple,62,2797
Purple,62,4604
Purple,63,3888
Purple,63,3834
Purple,63,39
Purple,63,2117
Purple,63,4996
Purple,63,2739
Purple,63,1412
Purple,63,2743
Purple,64,1009
Purple,64,4181
Purple,64,4666
Purple,64,4420
Purple,64,2261
Purple,65,804
Purple,65,2339
Purple,65,4854
Purple,65,3045
Purple,65,338
Purple,66,4388
Purple,66,3996
Purple,66,921
Purple,66,1597
Purple,66,1764
Purple,67,4686
Purple,67,1105
Purple,67,721
Purple,67,399
Purple,67,4804
Purple,67,1980
Purple,68,1248
Purple,68,1040
Purple,68,4493
Purple,68,3641
Purple,68,3557
Purple,68,4652
Purple,68,4229
Purple,69,3989
Purple,69,3762
Purple,70,4463
Purple,70,4469
Purple,70,3978
Purple,70,1974
Purple,70,968
Purple,71,3498
Purple,71,3903
Purple,71,3971
Purple,71,228
Purple,71,1583
Purple,71,2169
Purple,71,1518
Purple,71,4994
Purple,71,2695
Purple,72,4602
Purple,72,2749
Purple,72,2657
Purple,73,1802
Purple,73,1507
Purple,73,4173
Purple,73,275
Purple,74,1271
Purple,74,1203
Purple,74,4778
Purple,75,2872
Purple,75,626
Purple,75,4325
Purple,75,213
Purple,75,2330
Purple,76,3419
Purple,76,1857
Purple,77,4035
Purple,77,2628
Purple,77,1465
Purple,77,1661
Purple,77,4939
Purple,77,3378
Purple,78,4239
Purple,78,1730
Purple,78,740
Purple,78,893
Purple,79,3177
Purple,79,3924
Red,18,3647
Red,18,3552
Red,18,4247
Red,18,1931
Red,19,2722
Red,19,3252
Red,19,2087
Red,19,609
Red,19,3044
Red,19,1527
Red,20,2958
Red,20,2924
Red,20,3073
Red,20,559
Red,20,218
Red,21,2790
Red,21,4335
Red,21,2778
Red,21,4467
Red,22,1467
Red,22,3470
Red,22,4431
Red,23,1459
Red,23,4553
Red,23,202
Red,23,2825
Red,24,2622
Red,24,1569
Red,24,1385
Red,24,1620
Red,24,3532
Red,24,1282
Red,24,3168
Red,24,3336
Red,25,388
Red,25,775
Red,25,4955
Red,26,3205
Red,26,3983
Red,26,2653
Red,26,2221
Red,26,3667
Red,27,2208
Red,27,985
Red,27,187
Red,27,1696
Red,27,3056
Red,28,3791
Red,28,2860
Red,28,4748
Red,28,4366
Red,29,1484
Red,29,3894
Red,29,3661
Red,29,4586
Red,29,2730
Red,30,2652
Red,30,254
Red,31,4311
Red,31,1293
Red,31,1132
Red,31,4513
Red,31,2306
Red,31,3904
Red,32,3521
Red,32,471
Red,32,2827
Red,32,2895
Red,32,4615
Red,33,3916
Red,33,2965
Red,33,199
Red,33,1228
Red,33,3113
Red,34,209
Red,34,737
Red,34,3060
Red,34,4975
Red,34,1171
Red,35,4932
Red,35,1394
Red,35,70
Red,35,2665
Red,35,4258
Red,35,2787
Red,36,1785
Red,36,1256
Red,37,3315
Red,37,3563
Red,37,4203
Red,38,564
Red,38,3153
Red,39,1859
Red,39,3289
Red,39,1898
Red,39,2862
Red,39,1390
Red,39,2601
Red,39,2220
Red,39,3092
Red,39,832
Red,40,2024
Red,40,668
Red,40,3138
Red,41,971
Red,41,3276
Red,41,1046
Red,41,1160
Red,41,3043
Red,41,3832
Red,41,4376
Red,42,4433
Red,42,2053
Red,42,2305
Red,42,1316
Red,43,349
Red,43,2480
Red,43,3191
Red,43,3109
Red,43,636
Red,43,4075
Red,44,4730
Red,44,2761
Red,44,1567
Red,44,1669
Red,45,3644
Red,45,1961
Red,45,4293
Red,45,3575
Red,45,356
Red,46,4833
Red,46,4337
Red,46,3489
Red,46,2186
Red,46,1687
Red,46,460
Red,47,24
Red,47,3819
Red,47,1122
Red,47,4223
Red,47,2118
Red,48,955
Red,48,3746
Red,48,4308
Red,48,3125
Red,48,1423
Red,48,4429
Red,49,488
Red,49,2724
Red,49,969
Red,49,1359
Red,50,4850
Red,50,3298
Red,50,3683
Red,50,923
Red,50,1440
Red,50,4237
Red,50,4164
Red,50,2389
Red,50,3174
Red,50,1097
Red,50,2501
Red,50,4061
Red,51,857
Red,51,3732
Red,51,404
Red,51,3675
Red,52,4252
Red,52,4502
Red,52,2439
Red,52,4406
Red,52,1676
Red,53,93
Red,53,1224
Red,53,4601
Red,53,258
Red,53,4901
Red,53,180
Red,53,3028
Red,53,4822
Red,54,2469
Red,54,3944
Red,54,1341
Red,55,1323
Red,55,4694
Red,55,1013
Red,55,4112
Red,55,2968
Red,56,4781
Red,56,993
Red,56,221
Red,56,1144
Red,56,1093
Red,57,3412
Red,57,3657
Red,57,1272
Red,57,2057
Red,57,1060
Red,58,111
Red,58,266
Red,58,3545
Red,58,3558
Red,58,149
Red,59,3051
Red,59,766
Red,60,306
Red,60,2995
Red,60,3291
Red,61,3065
Red,61,3273
Red,61,3184
Red,62,3418
Red,63,4396
Red,63,4512
Red,64,53
Red,64,3244
Red,64,1601
Red,64,2456
Red,64,4127
Red,64,2994
Red,64,4863
Red,64,4717
Red,65,1297
Red,65,467
Red,66,4802
Red,66,4489
Red,66,2987
Red,67,196
Red,67,4892
Red,67,4199
Red,67,1192
Red,67,1805
Red,67,1366
Red,68,2467
Red,68,4983
Red,68,3597
Red,68,1530
Red,69,4291
Red,69,4527
Red,69,2121
Red,69,2046
Red,70,4097
Red,70,3932
Red,70,3980
Red,70,1387
Red,71,2369
Red,71,2065
Red,71,3038
Red,71,3959
Red,71,4974
Red,72,4174
Red,72,953
Red,72,1164
Red,72,741
Red,72,3798
Red,72,3119
Red,73,4168
Red,73,3632
Red,73,3958
Red,73,719
Red,73,1084
Red,74,836
Red,74,2615
Red,74,2884
Red,74,3081
Red,74,3674
Red,74,892
Red,74,2683
Red,75,3515
Red,75,3122
Red,76,2812
Red,77,2613
Red,77,4356
Red,77,1989
Red,77,1891
Red,77,4095
Red,77,4997
Red,79,1167
Red,79,4277
Red,79,1618
Red,79,2375
Red,80,4835
Red,80,4827
Red,80,599
Red,80,2001
Red,80,569
Teal,18,4658
Teal,18,264
Teal,18,3374
Teal,18,4129
Teal,18,1626
Teal,19,534
Teal,19,238
Teal,19,2520
Teal,19,1142
Teal,19,2125
Teal,19,3067
Teal,20,4868
Teal,20,3094
Teal,20,1312
Teal,21,4745
Teal,21,3756
Teal,21,738
Teal,22,3391
Teal,22,1907
Teal,22,936
Teal,22,3520
Teal,22,1724
Teal,22,2788
Teal,22,327
Teal,22,2847
Teal,23,493
Teal,23,4262
Teal,23,666
Teal,23,862
Teal,23,4430
Teal,23,3308
Teal,24,3209
Teal,24,2029
Teal,24,291
Teal,24,2983
Teal,24,975
Teal,25,4113
Teal,25,3248
Teal,25,2259
Teal,25,2955
Teal,26,2414
Teal,26,4796
Teal,26,632
Teal,26,939
Teal,27,4943
Teal,27,2349
Teal,27,3030
Teal,28,1419
Teal,28,2472
Teal,28,3507
Teal,28,2326
Teal,28,1908
Teal,29,2003
Teal,29,5
Teal,29,597
Teal,29,902
Teal,29,2032
Teal,29,1344
Teal,30,391
Teal,30,986
Teal,30,3673
Teal,31,4234
Teal,31,42
Teal,31,2729
Teal,31,3970
Teal,31,728
Teal,31,1497
Teal,32,1812
Teal,32,287
Teal,32,4555
Teal,32,2147
Teal,32,3502
Teal,32,2557
Teal,32,2856
Teal,32,2297
Teal,32,2278
Teal,32,2269
Teal,32,3146
Teal,32,3089
Teal,33,4375
Teal,33,957
Teal,33,3338
Teal,33,3353
Teal,33,1
Teal,34,3322
Teal,34,2198
Teal,34,2210
Teal,34,1901
Teal,34,4894
Teal,35,227
Teal,35,397
Teal,35,35
Teal,35,3080
Teal,35,1384
Teal,36,3637
Teal,37,3562
Teal,37,3559
Teal,37,795
Teal,38,3141
Teal,39,1639
Teal,39,1600
Teal,39,4250
Teal,40,2318
Teal,40,4486
Teal,40,1226
Teal,40,1735
Teal,40,4936
Teal,40,1536
Teal,41,4885
Teal,41,269
Teal,41,4284
Teal,42,847
Teal,42,151
Teal,42,2713
Teal,42,3090
Teal,42,1492
Teal,42,1357
Teal,43,2631
Teal,43,2422
Teal,44,3831
Teal,44,2129
Teal,44,3420
Teal,45,1640
Teal,45,3875
Teal,46,1945
Teal,46,4608
Teal,46,4976
Teal,46,3063
Teal,47,1981
Teal,47,3555
Teal,47,302
Teal,47,1247
Teal,48,2328
Teal,48,2952
Teal,48,2090
Teal,48,4132
Teal,48,964
Teal,49,2660
Teal,49,485
Teal,49,2144
Teal,49,198
Teal,49,2458
Teal,50,4656
Teal,50,473
Teal,50,1451
Teal,50,1727
Teal,50,211
Teal,51,1965
Teal,51,3905
Teal,51,3760
Teal,51,2227
Teal,52,4438
Teal,52,194
Teal,52,223
Teal,52,4126
Teal,52,3730
Teal,52,4200
Teal,52,1080
Teal,52,4206
Teal,52,4298
Teal,52,2746
Teal,53,1181
Teal,53,1554
Teal,53,2205
Teal,54,3229
Teal,54,1381
Teal,55,4122
Teal,56,1528
Teal,56,1776
Teal,56,2776
Teal,56,2524
Teal,56,4551
Teal,56,1633
Teal,56,1629
Teal,57,4248
Teal,57,1185
Teal,57,270
Teal,57,2119
Teal,58,2316
Teal,58,4623
Teal,58,2606
Teal,59,4672
Teal,59,2332
Teal,60,1704
Teal,60,37
Teal,60,2976
Teal,61,2450
Teal,61,2285
Teal,61,3423
Teal,61,1242
Teal,62,4947
Teal,62,4461
Teal,62,3473
Teal,62,3844
Teal,63,3682
Teal,63,273
Teal,63,4446
Teal,63,1940
Teal,63,2042
Teal,64,3330
Teal,64,2871
Teal,64,912
Teal,64,1168
Teal,64,4243
Teal,65,3197
Teal,65,3581
Teal,66,4389
Teal,66,2442
Teal,66,3855
Teal,66,3049
Teal,66,1053
Teal,67,2036
Teal,67,2043
Teal,67,1216
Teal,68,3027
Teal,68,3969
Teal,68,4157
Teal,68,1885
Teal,68,4728
Teal,68,1425
Teal,69,746
Teal,69,1707
Teal,70,2984
Teal,71,625
Teal,71,2206
Teal,71,2002
Teal,71,3480
Teal,71,2325
Teal,72,4629
Teal,72,469
Teal,72,1780
Teal,72,3088
Teal,73,4913
Teal,73,1664
Teal,73,2685
Teal,73,4150
Teal,73,1287
Teal,73,3039
Teal,74,1693
Teal,74,4985
Teal,74,842
Teal,74,1869
Teal,74,2177
Teal,75,689
Teal,75,3432
Teal,75,3676
Teal,75,4723
Teal,75,3453
Teal,76,865
Teal,76,4440
Teal,76,3318
Teal,76,2822
Teal,77,4771
Teal,77,2376
Teal,77,1598
Teal,77,2028
Teal,77,2075
Teal,77,425
Teal,77,2044
Teal,78,2858
Teal,78,181
Teal,78,4393
Teal,78,3403
Teal,78,864
Teal,78,4006
Teal,79,1766
Teal,79,197
Teal,80,1414
Teal,80,1582
Teal,80,4590
Turquoise,18,4695
Turquoise,18,2130
Turquoise,18,4331
Turquoise,18,994
Turquoise,18,982
Turquoise,19,478
Turquoise,19,4458
Turquoise,19,1478
Turquoise,20,2407
Turquoise,20,2782
Turquoise,21,1705
Turquoise,21,3917
Turquoise,21,2800
Turquoise,21,2911
Turquoise,21,402
Turquoise,22,587
Turquoise,22,2362
Turquoise,22,4185
Turquoise,22,1642
Turquoise,23,2050
Turquoise,23,4108
Turquoise,23,4052
Turquoise,23,3415
Turquoise,23,2461
Turquoise,23,1883
Turquoise,24,2215
Turquoise,24,3907
Turquoise,24,1330
Turquoise,24,30
Turquoise,24,4334
Turquoise,25,1251
Turquoise,25,4139
Turquoise,25,4271
Turquoise,25,4415
Turquoise,25,527
Turquoise,25,357
Turquoise,26,1672
Turquoise,26,1914
Turquoise,26,1552
Turquoise,26,3242
Turquoise,26,363
Turquoise,27,999
Turquoise,28,3542
Turquoise,28,869
Turquoise,28,1177
Turquoise,28,525
Turquoise,30,4766
Turquoise,30,176
Turquoise,30,2686
Turquoise,31,4635
Turquoise,31,2820
Turquoise,31,343
Turquoise,32,4289
Turquoise,32,19
Turquoise,32,594
Turquoise,32,4297
Turquoise,32,1765
Turquoise,32,2909
Turquoise,33,4591
Turquoise,34,3611
Turquoise,35,2857
Turquoise,35,2905
Turquoise,35,4626
Turquoise,35,2047
Turquoise,35,2629
Turquoise,35,2229
Turquoise,35,2428
Turquoise,36,2559
Turquoise,36,560
Turquoise,36,1448
Turquoise,36,4123
Turquoise,36,732
Turquoise,37,2927
Turquoise,38,3256
Turquoise,38,1579
Turquoise,38,3343
Turquoise,38,3685
Turquoise,39,450
Turquoise,39,1544
Turquoise,40,2287
Turquoise,40,2310
Turquoise,40,2361
Turquoise,40,2608
Turquoise,40,3653
Turquoise,40,1079
Turquoise,41,1769
Turquoise,41,2134
Turquoise,42,4400
Turquoise,42,1326
Turquoise,42,3789
Turquoise,42,3947
Turquoise,43,1070
Turquoise,43,1930
Turquoise,43,4744
Turquoise,44,174
Turquoise,44,1796
Turquoise,44,913
Turquoise,44,3187
Turquoise,45,1933
Turquoise,46,694
Turquoise,46,748
Turquoise,46,1453
Turquoise,46,3709
Turquoise,47,1546
Turquoise,47,1801
Turquoise,47,1124
Turquoise,47,2571
Turquoise,48,818
Turquoise,48,2153
Turquoise,48,3928
Turquoise,48,14
Turquoise,49,2025
Turquoise,49,3328
Turquoise,50,64
Turquoise,50,2605
Turquoise,50,2602
Turquoise,50,4821
Turquoise,50,4611
Turquoise,51,2780
Turquoise,51,2575
Turquoise,51,3408
Turquoise,51,767
Turquoise,51,3312
Turquoise,51,212
Turquoise,51,2402
Turquoise,52,3018
Turquoise,52,1437
Turquoise,53,55
Turquoise,53,118
Turquoise,53,2133
Turquoise,54,1319
Turquoise,54,4084
Turquoise,54,1745
Turquoise,54,2242
Turquoise,54,2621
Turquoise,55,4585
Turquoise,55,3407
Turquoise,55,479
Turquoise,55,4360
Turquoise,55,1522
Turquoise,56,500
Turquoise,56,4942
Turquoise,56,2282
Turquoise,57,1658
Turquoise,57,1516
Turquoise,57,1260
Turquoise,57,248
Turquoise,58,3775
Turquoise,58,641
Turquoise,58,381
Turquoise,58,2173
Turquoise,59,154
Turquoise,59,3754
Turquoise,59,4886
Turquoise,59,4009
Turquoise,59,2335
Turquoise,60,4988
Turquoise,60,2957
Turquoise,60,261
Turquoise,61,1698
Turquoise,61,50
Turquoise,61,3843
Turquoise,61,80
Turquoise,62,3758
Turquoise,62,3440
Turquoise,63,1990
Turquoise,63,244
Turquoise,63,4706
Turquoise,63,3613
Turquoise,63,3745
Turquoise,64,1680
Turquoise,64,3574
Turquoise,64,4731
Turquoise,64,98
Turquoise,65,1779
Turquoise,65,309
Turquoise,65,2949
Turquoise,65,4436
Turquoise,66,3615
Turquoise,66,3604
Turquoise,66,4414
Turquoise,66,1740
Turquoise,67,4620
Turquoise,67,1925
Turquoise,67,3724
Turquoise,68,2384
Turquoise,68,4362
Turquoise,68,380
Turquoise,68,44
Turquoise,69,1984
Turquoise,69,3297
Turquoise,69,2617
Turquoise,69,2247
Turquoise,69,1668
Turquoise,69,4967
Turquoise,70,2597
Turquoise,70,1056
Turquoise,70,2114
Turquoise,70,2014
Turquoise,71,2078
Turquoise,71,3546
Turquoise,71,2038
Turquoise,71,4015
Turquoise,71,1879
Turquoise,72,2264
Turquoise,72,3649
Turquoise,72,2726
Turquoise,72,2878
Turquoise,72,4547
Turquoise,73,2489
Turquoise,73,1768
Turquoise,73,4712
Turquoise,73,2637
Turquoise,73,4020
Turquoise,73,2943
Turquoise,74,282
Turquoise,74,2284
Turquoise,74,3494
Turquoise,74,4995
Turquoise,74,1648
Turquoise,74,175
Turquoise,74,3918
Turquoise,74,1274
Turquoise,74,2148
Turquoise,74,142
Turquoise,75,2171
Turquoise,75,1922
Turquoise,75,1756
Turquoise,75,1624
Turquoise,75,342
Turquoise,75,664
Turquoise,76,4548
Turquoise,76,3511
Turquoise,76,3505
Turquoise,76,319
Turquoise,76,1149
Turquoise,77,4864
Turquoise,77,3472
Turquoise,77,4906
Turquoise,77,2132
Turquoise,78,3448
Turquoise,79,2533
Turquoise,79,4862
Turquoise,79,1711
Turquoise,79,2604
Turquoise,79,4577
Turquoise,80,3658
Turquoise,80,138
Turquoise,80,2915
Violet,18,2708
Violet,18,1645
Violet,19,3677
Violet,20,3801
Violet,21,59
Violet,21,736
Violet,21,3777
Violet,21,3394
Violet,21,4595
Violet,22,3779
Violet,22,1578
Violet,23,1220
Violet,23,1767
Violet,23,2735
Violet,24,470
Violet,24,2385
Violet,24,3639
Violet,25,46
Violet,25,883
Violet,25,2249
Violet,25,1615
Violet,26,659
Violet,26,2887
Violet,26,1015
Violet,26,4281
Violet,26,667
Violet,26,1201
Violet,27,2116
Violet,27,3987
Violet,27,1391
Violet,27,21
Violet,28,516
Violet,28,1143
Violet,28,2023
Violet,28,4756
Violet,29,3321
Violet,29,2266
Violet,29,2869
Violet,30,4183
Violet,30,4056
Violet,30,3364
Violet,30,570
Violet,30,2435
Violet,30,1792
Violet,30,1794
Violet,30,2045
Violet,31,3881
Violet,31,2070
Violet,31,4100
Violet,31,4817
Violet,31,2352
Violet,31,1884
Violet,31,4079
Violet,32,4067
Violet,32,3501
Violet,33,2448
Violet,33,562
Violet,33,2728
Violet,33,4192
Violet,33,3968
Violet,34,859
Violet,34,4702
Violet,34,2122
Violet,34,522
Violet,34,2167
Violet,34,2176
Violet,35,4473
Violet,35,4691
Violet,35,546
Violet,35,4352
Violet,35,3110
Violet,35,4844
Violet,35,2574
Violet,36,4707
Violet,36,4941
Violet,36,1568
Violet,36,3626
Violet,36,4993
Violet,36,155
Violet,36,3126
Violet,37,1494
Violet,37,437
Violet,37,1873
Violet,37,1743
Violet,37,2013
Violet,37,4292
Violet,38,4407
Violet,38,1623
Violet,38,47
Violet,38,2094
Violet,38,398
Violet,38,819
Violet,38,4912
Violet,39,2346
Violet,39,321
Violet,39,4260
Violet,39,2192
Violet,39,2294
Violet,39,4091
Violet,39,1356
Violet,39,66
Violet,40,1123
Violet,40,4451
Violet,40,4495
Violet,40,1683
Violet,40,3001
Violet,40,1431
Violet,41,3464
Violet,41,3026
Violet,41,4470
Violet,41,1588
Violet,42,4630
Violet,42,4072
Violet,42,2799
Violet,42,2358
Violet,42,3517
Violet,43,256
Violet,43,4789
Violet,43,4612
Violet,43,3413
Violet,43,4743
Violet,44,1327
Violet,44,4384
Violet,44,4437
Violet,44,515
Violet,45,3666
Violet,45,3346
Violet,45,453
Violet,45,834
Violet,45,523
Violet,46,2371
Violet,46,4315
Violet,46,3780
Violet,46,2105
Violet,47,1538
Violet,47,4442
Violet,47,22
Violet,47,3306
Violet,47,4653
Violet,47,4014
Violet,47,475
Violet,47,3111
Violet,48,1665
Violet,49,4628
Violet,49,1309
Violet,49,2
Violet,50,871
Violet,50,3963
Violet,50,100
Violet,50,5000
Violet,51,2541
Violet,51,3699
Violet,51,350
Violet,51,1590
Violet,51,727
Violet,51,2530
Violet,51,4732
Violet,52,109
Violet,52,3551
Violet,52,1916
Violet,52,2579
Violet,52,4610
Violet,52,992
Violet,52,3504
Violet,52,4466
Violet,52,441
Violet,52,4677
Violet,53,596
Violet,53,405
Violet,54,2859
Violet,54,2343
Violet,55,4872
Violet,55,1145
Violet,55,4578
Violet,55,4959
Violet,55,1191
Violet,55,115
Violet,56,4977
Violet,56,535
Violet,57,2336
Violet,57,3660
Violet,58,1966
Violet,58,2670
Violet,58,1190
Violet,59,841
Violet,59,4783
Violet,59,3390
Violet,59,4302
Violet,59,4684
Violet,60,4241
Violet,61,4561
Violet,61,1408
Violet,61,1237
Violet,61,917
Violet,62,1660
Violet,62,2537
Violet,62,2795
Violet,63,2808
Violet,63,3057
Violet,64,2873
Violet,64,429
Violet,65,3926
Violet,65,427
Violet,66,635
Violet,67,277
Violet,67,312
Violet,67,4449
Violet,68,3456
Violet,68,4518
Violet,68,110
Violet,69,122
Violet,69,1159
Violet,69,4554
Violet,70,3380
Violet,70,2845
Violet,70,2098
Violet,70,2103
Violet,70,1875
Violet,70,1140
Violet,70,2498
Violet,70,2992
Violet,71,3856
Violet,71,3040
Violet,72,4589
Violet,72,4479
Violet,72,1939
Violet,72,2327
Violet,73,4482
Violet,73,3437
Violet,73,3619
Violet,74,810
Violet,74,4819
Violet,75,807
Violet,75,4904
Violet,76,3721
Violet,76,4115
Violet,77,2542
Violet,77,2771
Violet,77,1187
Violet,77,390
Violet,77,3537
Violet,77,2413
Violet,77,2096
Violet,78,3262
Violet,78,4664
Violet,78,513
Violet,79,1283
Violet,79,1657
Violet,80,2512
Violet,80,1403
Violet,80,4574
Yellow,18,3365
Yellow,18,2265
Yellow,18,3014
Yellow,18,2923
Yellow,18,1681
Yellow,18,603
Yellow,19,2894
Yellow,19,1466
Yellow,19,655
Yellow,20,3783
Yellow,20,1496
Yellow,20,693
Yellow,20,4915
Yellow,22,4669
Yellow,22,49
Yellow,22,3706
Yellow,22,15
Yellow,23,1438
Yellow,23,2558
Yellow,23,4805
Yellow,23,241
Yellow,24,2110
Yellow,24,4394
Yellow,24,524
Yellow,24,685
Yellow,24,2532
Yellow,24,4857
Yellow,24,3912
Yellow,24,1462
Yellow,25,1409
Yellow,26,2157
Yellow,26,457
Yellow,26,3643
Yellow,27,4793
Yellow,27,2546
Yellow,27,2253
Yellow,27,4236
Yellow,28,4146
Yellow,28,2757
Yellow,28,3363
Yellow,29,4416
Yellow,29,1270
Yellow,30,1121
Yellow,30,2143
Yellow,30,336
Yellow,30,4049
Yellow,31,3930
Yellow,31,162
Yellow,32,4948
Yellow,32,828
Yellow,32,1755
Yellow,32,4205
Yellow,32,4261
Yellow,33,1720
Yellow,33,951
Yellow,33,3663
Yellow,33,3652
Yellow,34,2035
Yellow,34,3072
Yellow,35,2643
Yellow,35,4898
Yellow,35,1066
Yellow,36,3786
Yellow,36,1784
Yellow,36,1848
Yellow,36,4163
Yellow,36,4221
Yellow,37,4645
Yellow,37,1348
Yellow,37,3965
Yellow,38,1577
Yellow,38,3821
Yellow,39,759
Yellow,39,4189
Yellow,39,389
Yellow,40,4714
Yellow,40,3950
Yellow,40,2881
Yellow,40,945
Yellow,41,1402
Yellow,41,3451
Yellow,41,1867
Yellow,41,3782
Yellow,41,1163
Yellow,41,1369
Yellow,42,4654
Yellow,42,615
Yellow,42,2980
Yellow,42,4582
Yellow,43,1443
Yellow,44,4573
Yellow,44,2224
Yellow,45,1994
Yellow,45,4272
Yellow,46,613
Yellow,46,1233
Yellow,46,4169
Yellow,46,2322
Yellow,46,2068
Yellow,46,1235
Yellow,46,4409
Yellow,47,2979
Yellow,47,2440
Yellow,47,2493
Yellow,48,195
Yellow,49,700
Yellow,49,4984
Yellow,49,4633
Yellow,50,4950
Yellow,50,1821
Yellow,50,1927
Yellow,50,373
Yellow,51,820
Yellow,51,4501
Yellow,51,578
Yellow,51,1157
Yellow,51,2058
Yellow,51,182
Yellow,51,3909
Yellow,51,123
Yellow,51,2569
Yellow,52,4128
Yellow,52,3105
Yellow,52,3952
Yellow,52,2988
Yellow,53,756
Yellow,53,614
Yellow,53,2484
Yellow,53,204
Yellow,53,189
Yellow,54,386
Yellow,54,3605
Yellow,54,3846
Yellow,54,2831
Yellow,54,293
Yellow,54,385
Yellow,55,1605
Yellow,55,980
Yellow,55,930
Yellow,55,499
Yellow,55,3326
Yellow,55,651
Yellow,55,3591
Yellow,56,4736
Yellow,56,3400
Yellow,56,2630
Yellow,56,2406
Yellow,56,1014
Yellow,56,3692
Yellow,57,2299
Yellow,57,2705
Yellow,57,4946
Yellow,57,3993
Yellow,58,979
Yellow,58,1702
Yellow,58,1285
Yellow,58,2690
Yellow,58,4144
Yellow,58,3733
Yellow,58,2939
Yellow,58,3425
Yellow,59,4138
Yellow,59,2650
Yellow,59,4380
Yellow,59,3011
Yellow,59,2513
Yellow,59,3589
Yellow,60,394
Yellow,60,3768
Yellow,60,1114
Yellow,61,1718
Yellow,61,3281
Yellow,62,1234
Yellow,62,1919
Yellow,62,2751
Yellow,63,1855
Yellow,63,257
Yellow,63,4036
Yellow,63,2697
Yellow,63,4196
Yellow,63,3573
Yellow,63,2357
Yellow,63,777
Yellow,63,3642
Yellow,64,1551
Yellow,64,2801
Yellow,64,4890
Yellow,64,1791
Yellow,64,1509
Yellow,64,634
Yellow,65,4794
Yellow,65,1475
Yellow,65,1899
Yellow,65,3236
Yellow,66,77
Yellow,66,1340
Yellow,66,617
Yellow,66,4340
Yellow,66,423
Yellow,67,1628
Yellow,67,3164
Yellow,68,533
Yellow,68,4583
Yellow,69,1889
Yellow,69,1684
Yellow,69,4058
Yellow,69,4880
Yellow,70,2254
Yellow,70,67
Yellow,70,4622
Yellow,70,4351
Yellow,70,418
Yellow,71,4929
Yellow,71,4046
Yellow,71,2370
Yellow,71,3167
Yellow,72,4363
Yellow,72,3443
Yellow,73,1747
Yellow,73,4296
Yellow,73,3398
Yellow,73,3151
Yellow,73,3716
Yellow,74,2773
Yellow,74,1841
Yellow,74,3714
Yellow,74,1471
Yellow,74,4500
Yellow,74,3631
Yellow,74,347
Yellow,74,856
Yellow,74,3566
Yellow,75,1995
Yellow,75,4085
Yellow,75,3813
Yellow,75,3295
Yellow,76,3012
Yellow,76,339
Yellow,77,3602
Yellow,78,1092
Yellow,78,2813
Yellow,79,1685
Yellow,79,4649
Yellow,79,4125
Yellow,79,253
Yellow,80,4852
Yellow,80,684
Yellow,80,3543
Yellow,80,1976
Yellow,80,858
Yellow,80,2276
Yellow,80,2560
