18,Aquamarine,1876
18,Aquamarine,190
18,Aquamarine,1960
18,Aquamarine,3593
18,Aquamarine,4225
18,Aquamarine,3311
18,Blue,1955
18,Blue,1694
18,Crimson,1265
18,Crimson,2425
18,Crimson,2104
18,Fuscia,1172
18,Fuscia,2054
18,Fuscia,3384
18,Fuscia,1647
18,Goldenrod,3536
18,Goldenrod,4504
18,Goldenrod,341
18,Goldenrod,36
18,Goldenrod,937
18,Goldenrod,600
18,Goldenrod,4792
18,Green,2432
18,Green,3841
18,Indigo,803
18,Indigo,572
18,Indigo,2019
18,Indigo,2084
18,Indigo,1016
18,Khaki,1512
18,Khaki,200
18,Maroon,4171
18,Maroon,2378
18,Maroon,650
18,Maroon,1988
18,Maroon,2257
18,Maroon,2543
18,Maroon,4367
18,Maroon,3477
18,Maroon,2085
18,Mauv,3232
18,Mauv,682
18,Mauv,1851
18,Mauv,2962
18,Mauv,491
18,Mauv,2446
18,Orange,582
18,Orange,1257
18,Orange,433
18,Orange,4605
18,Orange,242
18,Pink,4306
18,Pink,1612
18,Pink,63
18,Pink,1468
18,Pink,193
18,Pink,2563
18,Pink,3021
18,Puce,4257
18,Puce,2896
18,Purple,4089
18,Purple,3814
18,Purple,3833
18,Purple,2091
18,Red,1931
18,Red,3647
18,Red,3552
18,Red,4247
18,Teal,1626
18,Teal,264
18,Teal,4658
18,Teal,3374
18,Teal,4129
18,Turquoise,4331
18,Turquoise,982
18,Turquoise,2130
18,Turquoise,994
18,Turquoise,4695
18,Violet,2708
18,Violet,1645
18,Yellow,3014
18,Yellow,2923
18,Yellow,3365
18,Yellow,1681
18,Yellow,603
18,Yellow,2265
19,Aquamarine,1513
19,Aquamarine,412
19,Blue,3284
19,Blue,610
19,Blue,2666
19,Blue,124
19,Crimson,552
19,Crimson,4775
19,Crimson,2742
19,Fuscia,4443
19,Fuscia,4032
19,Fuscia,4840
19,Fuscia,4757
19,Fuscia,4354
19,Fuscia,4634
19,Goldenrod,2698
19,Goldenrod,1400
19,Green,778
19,Green,2891
19,Indigo,4979
19,Indigo,3937
19,Khaki,2088
19,Khaki,3655
19,Khaki,3810
19,Khaki,1457
19,Khaki,697
19,Khaki,1109
19,Maroon,833
19,Maroon,3741
19,Maroon,3662
19,Maroon,4767
19,Maroon,2138
19,Maroon,406
19,Maroon,4093
19,Maroon,2942
19,Mauv,462
19,Mauv,3199
19,Mauv,1807
19,Mauv,4668
19,Mauv,376
19,Mauv,3975
19,Orange,4524
19,Orange,1483
19,Orange,232
19,Orange,549
19,Orange,2609
19,Pink,12
19,Pink,3805
19,Pink,1958
19,Pink,2454
19,Puce,1946
19,Puce,2460
19,Puce,3866
19,Puce,365
19,Puce,314
19,Purple,3325
19,Purple,2870
19,Red,2722
19,Red,3252
19,Red,609
19,Red,1527
19,Red,2087
19,Red,3044
19,Teal,1142
19,Teal,3067
19,Teal,534
19,Teal,2520
19,Teal,2125
19,Teal,238
19,Turquoise,478
19,Turquoise,4458
19,Turquoise,1478
19,Violet,3677
19,Yellow,1466
19,Yellow,655
19,Yellow,2894
20,Aquamarine,2137
20,Aquamarine,1594
20,Aquamarine,4475
20,Blue,4034
20,Blue,3052
20,Blue,268
20,Blue,3817
20,Crimson,4887
20,Crimson,3077
20,Fuscia,3524
20,Fuscia,2152
20,Fuscia,1501
20,Fuscia,1929
20,Fuscia,2960
20,Goldenrod,2018
20,Goldenrod,2720
20,Goldenrod,20
20,Goldenrod,3622
20,Goldenrod,3868
20,Green,2945
20,Green,2921
20,Green,1275
20,Green,3772
20,Indigo,4733
20,Indigo,3748
20,Khaki,4313
20,Khaki,4829
20,Khaki,4978
20,Khaki,2833
20,Maroon,2588
20,Mauv,1641
20,Mauv,3997
20,Mauv,2587
20,Mauv,2885
20,Mauv,3785
20,Orange,2893
20,Orange,2040
20,Orange,2824
20,Pink,1915
20,Pink,2612
20,Pink,3463
20,Pink,563
20,Puce,3106
20,Puce,4923
20,Puce,4659
20,Puce,739
20,Puce,83
20,Purple,3818
20,Purple,1218
20,Purple,924
20,Purple,2600
20,Purple,4373
20,Red,559
20,Red,2958
20,Red,218
20,Red,3073
20,Red,2924
20,Teal,1312
20,Teal,3094
20,Teal,4868
20,Turquoise,2407
20,Turquoise,2782
20,Violet,3801
20,Yellow,1496
20,Yellow,693
20,Yellow,4915
20,Yellow,3783
21,Aquamarine,4509
21,Aquamarine,1565
21,Aquamarine,783
21,Blue,3367
21,Blue,2906
21,Blue,315
21,Blue,1803
21,Blue,1924
21,Crimson,4522
21,Crimson,3181
21,Crimson,1659
21,Crimson,4836
21,Fuscia,4005
21,Fuscia,1263
21,Fuscia,3796
21,Fuscia,1844
21,Fuscia,4535
21,Goldenrod,4639
21,Goldenrod,4439
21,Goldenrod,102
21,Goldenrod,4088
21,Goldenrod,604
21,Green,3387
21,Green,2880
21,Indigo,4413
21,Indigo,4327
21,Indigo,178
21,Indigo,4178
21,Indigo,4344
21,Khaki,4999
21,Maroon,3263
21,Maroon,2867
21,Maroon,4082
21,Maroon,765
21,Maroon,1691
21,Maroon,1556
21,Mauv,2993
21,Mauv,984
21,Mauv,3136
21,Orange,1982
21,Orange,3512
21,Orange,4565
21,Orange,4096
21,Pink,2785
21,Pink,4992
21,Pink,1324
21,Pink,544
21,Pink,4378
21,Puce,4638
21,Puce,4254
21,Puce,4888
21,Puce,3618
21,Puce,2427
21,Purple,3024
21,Purple,1315
21,Purple,3000
21,Red,4467
21,Red,4335
21,Red,2778
21,Red,2790
21,Teal,3756
21,Teal,4745
21,Teal,738
21,Turquoise,2911
21,Turquoise,2800
21,Turquoise,402
21,Turquoise,1705
21,Turquoise,3917
21,Violet,4595
21,Violet,3394
21,Violet,736
21,Violet,3777
21,Violet,59
22,Aquamarine,3771
22,Aquamarine,3048
22,Aquamarine,2755
22,Aquamarine,4017
22,Blue,1094
22,Blue,2113
22,Crimson,595
22,Crimson,2902
22,Crimson,4353
22,Fuscia,3251
22,Fuscia,927
22,Fuscia,844
22,Fuscia,3285
22,Fuscia,1021
22,Goldenrod,1584
22,Goldenrod,260
22,Green,2641
22,Green,3142
22,Green,490
22,Green,3599
22,Green,318
22,Green,4557
22,Green,1892
22,Green,1304
22,Indigo,2865
22,Indigo,4808
22,Indigo,1417
22,Khaki,1725
22,Khaki,1591
22,Khaki,2410
22,Maroon,4259
22,Maroon,705
22,Maroon,735
22,Maroon,4117
22,Maroon,4831
22,Maroon,1004
22,Mauv,3385
22,Orange,4326
22,Orange,165
22,Orange,26
22,Orange,2633
22,Pink,2947
22,Pink,4159
22,Pink,2383
22,Pink,3467
22,Pink,1255
22,Puce,3915
22,Puce,3547
22,Puce,4543
22,Puce,2585
22,Purple,1208
22,Purple,17
22,Red,1467
22,Red,4431
22,Red,3470
22,Teal,2788
22,Teal,1724
22,Teal,936
22,Teal,2847
22,Teal,3391
22,Teal,1907
22,Teal,3520
22,Teal,327
22,Turquoise,2362
22,Turquoise,4185
22,Turquoise,1642
22,Turquoise,587
22,Violet,1578
22,Violet,3779
22,Yellow,15
22,Yellow,4669
22,Yellow,49
22,Yellow,3706
23,Aquamarine,2526
23,Aquamarine,2277
23,Aquamarine,2519
23,Blue,367
23,Crimson,2970
23,Crimson,1023
23,Crimson,2359
23,Crimson,948
23,Fuscia,2688
23,Fuscia,4545
23,Fuscia,2223
23,Fuscia,2051
23,Goldenrod,4399
23,Goldenrod,4754
23,Goldenrod,10
23,Green,1246
23,Green,3539
23,Green,271
23,Indigo,1166
23,Indigo,4359
23,Indigo,468
23,Khaki,1027
23,Khaki,23
23,Khaki,4764
23,Maroon,2874
23,Maroon,1042
23,Maroon,1564
23,Maroon,3850
23,Mauv,4155
23,Mauv,2092
23,Mauv,845
23,Mauv,2291
23,Mauv,3068
23,Mauv,2424
23,Orange,779
23,Orange,4043
23,Orange,34
23,Orange,3723
23,Orange,4839
23,Orange,4801
23,Pink,2877
23,Pink,4765
23,Pink,1533
23,Pink,4395
23,Pink,3895
23,Puce,4432
23,Purple,4865
23,Purple,3490
23,Purple,3115
23,Purple,1514
23,Purple,267
23,Purple,3561
23,Purple,4726
23,Purple,2509
23,Red,2825
23,Red,1459
23,Red,4553
23,Red,202
23,Teal,4262
23,Teal,862
23,Teal,4430
23,Teal,666
23,Teal,3308
23,Teal,493
23,Turquoise,1883
23,Turquoise,4052
23,Turquoise,2461
23,Turquoise,2050
23,Turquoise,4108
23,Turquoise,3415
23,Violet,1767
23,Violet,2735
23,Violet,1220
23,Yellow,4805
23,Yellow,241
23,Yellow,1438
23,Yellow,2558
24,Aquamarine,3100
24,Aquamarine,3922
24,Aquamarine,4539
24,Aquamarine,3025
24,Aquamarine,567
24,Aquamarine,686
24,Aquamarine,2536
24,Blue,3358
24,Blue,1950
24,Blue,4080
24,Crimson,3887
24,Crimson,148
24,Crimson,3998
24,Crimson,2626
24,Fuscia,4106
24,Fuscia,159
24,Fuscia,4156
24,Fuscia,797
24,Fuscia,1850
24,Fuscia,3747
24,Fuscia,95
24,Goldenrod,3388
24,Goldenrod,1752
24,Goldenrod,1678
24,Goldenrod,4989
24,Goldenrod,3773
24,Green,2740
24,Indigo,4514
24,Indigo,1504
24,Indigo,1849
24,Indigo,3792
24,Indigo,1020
24,Khaki,1531
24,Khaki,3807
24,Khaki,419
24,Khaki,1212
24,Khaki,2918
24,Khaki,3793
24,Maroon,4411
24,Maroon,1934
24,Maroon,1671
24,Maroon,934
24,Maroon,2937
24,Maroon,4074
24,Maroon,4042
24,Mauv,1670
24,Mauv,695
24,Mauv,959
24,Orange,3853
24,Orange,120
24,Orange,4785
24,Orange,2956
24,Pink,311
24,Pink,2675
24,Puce,3938
24,Puce,4958
24,Puce,784
24,Puce,466
24,Puce,1029
24,Puce,3973
24,Puce,3948
24,Purple,1863
24,Purple,598
24,Purple,840
24,Purple,2462
24,Purple,1253
24,Purple,2010
24,Red,1385
24,Red,3336
24,Red,2622
24,Red,3532
24,Red,1282
24,Red,3168
24,Red,1569
24,Red,1620
24,Teal,2983
24,Teal,2029
24,Teal,975
24,Teal,291
24,Teal,3209
24,Turquoise,1330
24,Turquoise,4334
24,Turquoise,2215
24,Turquoise,3907
24,Turquoise,30
24,Violet,2385
24,Violet,470
24,Violet,3639
24,Yellow,4394
24,Yellow,3912
24,Yellow,524
24,Yellow,685
24,Yellow,2532
24,Yellow,1462
24,Yellow,4857
24,Yellow,2110
25,Aquamarine,3219
25,Blue,1389
25,Blue,3500
25,Crimson,3788
25,Crimson,1288
25,Crimson,1460
25,Crimson,4937
25,Crimson,1373
25,Fuscia,2360
25,Fuscia,506
25,Fuscia,3681
25,Fuscia,1666
25,Goldenrod,4464
25,Goldenrod,2452
25,Goldenrod,2482
25,Goldenrod,1342
25,Green,1824
25,Green,1278
25,Green,1753
25,Green,1760
25,Green,2451
25,Green,1852
25,Indigo,208
25,Indigo,4563
25,Indigo,704
25,Khaki,680
25,Khaki,4782
25,Khaki,2823
25,Khaki,458
25,Khaki,1983
25,Maroon,3694
25,Maroon,2380
25,Mauv,3133
25,Mauv,590
25,Mauv,3934
25,Orange,1188
25,Orange,4412
25,Orange,4921
25,Orange,4926
25,Orange,2281
25,Orange,3064
25,Pink,588
25,Pink,4798
25,Pink,931
25,Pink,203
25,Pink,2021
25,Pink,2175
25,Pink,171
25,Puce,4700
25,Puce,1318
25,Puce,3238
25,Purple,1956
25,Red,775
25,Red,388
25,Red,4955
25,Teal,4113
25,Teal,2259
25,Teal,2955
25,Teal,3248
25,Turquoise,4415
25,Turquoise,4139
25,Turquoise,4271
25,Turquoise,527
25,Turquoise,357
25,Turquoise,1251
25,Violet,2249
25,Violet,1615
25,Violet,883
25,Violet,46
25,Yellow,1409
26,Aquamarine,4791
26,Aquamarine,1358
26,Aquamarine,2614
26,Aquamarine,2552
26,Aquamarine,2195
26,Blue,2245
26,Blue,464
26,Blue,1398
26,Blue,507
26,Crimson,3945
26,Crimson,4876
26,Crimson,1948
26,Crimson,426
26,Crimson,4280
26,Crimson,3625
26,Fuscia,4264
26,Fuscia,2531
26,Goldenrod,117
26,Goldenrod,3239
26,Goldenrod,2544
26,Goldenrod,1675
26,Green,3635
26,Green,4165
26,Green,4710
26,Green,4970
26,Indigo,601
26,Indigo,2883
26,Khaki,908
26,Khaki,1393
26,Khaki,177
26,Khaki,4511
26,Maroon,1614
26,Maroon,4776
26,Maroon,4632
26,Maroon,2251
26,Maroon,1376
26,Maroon,2734
26,Mauv,3386
26,Mauv,3447
26,Mauv,3981
26,Mauv,1119
26,Mauv,3753
26,Orange,4180
26,Orange,887
26,Orange,3601
26,Orange,1018
26,Pink,113
26,Pink,4057
26,Puce,2661
26,Puce,4240
26,Puce,2022
26,Puce,2948
26,Purple,3202
26,Purple,1399
26,Purple,577
26,Red,3205
26,Red,2221
26,Red,3667
26,Red,2653
26,Red,3983
26,Teal,939
26,Teal,632
26,Teal,2414
26,Teal,4796
26,Turquoise,363
26,Turquoise,1914
26,Turquoise,1552
26,Turquoise,1672
26,Turquoise,3242
26,Violet,659
26,Violet,1201
26,Violet,1015
26,Violet,2887
26,Violet,667
26,Violet,4281
26,Yellow,2157
26,Yellow,3643
26,Yellow,457
27,Aquamarine,249
27,Aquamarine,3621
27,Aquamarine,3710
27,Aquamarine,1444
27,Blue,2826
27,Blue,4483
27,Blue,2239
27,Crimson,3
27,Crimson,108
27,Crimson,3580
27,Crimson,996
27,Fuscia,4209
27,Fuscia,2222
27,Fuscia,2550
27,Fuscia,2710
27,Fuscia,4339
27,Fuscia,1721
27,Fuscia,4230
27,Goldenrod,4341
27,Goldenrod,4387
27,Goldenrod,4897
27,Green,826
27,Green,2168
27,Green,2725
27,Green,2753
27,Green,4708
27,Indigo,4534
27,Indigo,3774
27,Khaki,3009
27,Khaki,2567
27,Khaki,1223
27,Khaki,107
27,Khaki,2625
27,Khaki,2067
27,Khaki,3919
27,Khaki,4215
27,Khaki,2654
27,Maroon,3911
27,Maroon,3871
27,Maroon,2777
27,Maroon,4540
27,Mauv,4038
27,Mauv,4286
27,Mauv,1039
27,Mauv,1737
27,Mauv,4145
27,Orange,4945
27,Orange,4077
27,Pink,575
27,Pink,4107
27,Pink,1148
27,Pink,3257
27,Pink,173
27,Puce,4101
27,Puce,4797
27,Puce,4716
27,Puce,219
27,Puce,1902
27,Purple,3154
27,Purple,444
27,Red,985
27,Red,3056
27,Red,1696
27,Red,2208
27,Red,187
27,Teal,4943
27,Teal,3030
27,Teal,2349
27,Turquoise,999
27,Violet,2116
27,Violet,3987
27,Violet,1391
27,Violet,21
27,Yellow,2546
27,Yellow,4236
27,Yellow,2253
27,Yellow,4793
28,Aquamarine,2126
28,Aquamarine,2255
28,Blue,3882
28,Blue,688
28,Crimson,2466
28,Crimson,2738
28,Crimson,1782
28,Crimson,4917
28,Crimson,1365
28,Crimson,2260
28,Fuscia,2197
28,Fuscia,369
28,Fuscia,2235
28,Fuscia,1770
28,Goldenrod,1254
28,Goldenrod,3697
28,Green,374
28,Green,1388
28,Green,1401
28,Green,3701
28,Green,1096
28,Green,2312
28,Indigo,3531
28,Indigo,4830
28,Indigo,2676
28,Khaki,1758
28,Khaki,3529
28,Khaki,3527
28,Khaki,928
28,Khaki,1524
28,Maroon,407
28,Maroon,2888
28,Maroon,2405
28,Maroon,1818
28,Maroon,3609
28,Mauv,1763
28,Mauv,3435
28,Mauv,956
28,Mauv,3654
28,Mauv,4569
28,Orange,3428
28,Orange,1593
28,Orange,1290
28,Orange,1378
28,Pink,602
28,Pink,3603
28,Pink,2897
28,Pink,3689
28,Puce,4918
28,Puce,3225
28,Puce,4462
28,Puce,3016
28,Puce,1823
28,Red,3791
28,Red,4366
28,Red,2860
28,Red,4748
28,Teal,1419
28,Teal,3507
28,Teal,1908
28,Teal,2472
28,Teal,2326
28,Turquoise,3542
28,Turquoise,869
28,Turquoise,525
28,Turquoise,1177
28,Violet,1143
28,Violet,516
28,Violet,4756
28,Violet,2023
28,Yellow,3363
28,Yellow,2757
28,Yellow,4146
29,Aquamarine,4546
29,Aquamarine,3410
29,Aquamarine,2304
29,Blue,4567
29,Blue,2059
29,Blue,4851
29,Blue,456
29,Blue,371
29,Blue,2974
29,Blue,4304
29,Crimson,835
29,Crimson,1853
29,Crimson,627
29,Crimson,4242
29,Crimson,769
29,Crimson,3035
29,Fuscia,3608
29,Fuscia,4246
29,Fuscia,708
29,Fuscia,4957
29,Fuscia,1032
29,Goldenrod,1125
29,Goldenrod,4643
29,Green,3173
29,Green,4447
29,Green,303
29,Green,3962
29,Green,3066
29,Indigo,2581
29,Indigo,2561
29,Khaki,2692
29,Khaki,361
29,Khaki,2471
29,Khaki,2123
29,Maroon,3717
29,Maroon,690
29,Maroon,3226
29,Maroon,2395
29,Mauv,4452
29,Mauv,821
29,Mauv,853
29,Mauv,3544
29,Mauv,2741
29,Orange,4010
29,Orange,983
29,Orange,2419
29,Pink,348
29,Pink,2590
29,Pink,1377
29,Pink,1156
29,Pink,3003
29,Puce,2640
29,Puce,192
29,Puce,3227
29,Puce,2292
29,Puce,4820
29,Puce,3299
29,Puce,3986
29,Purple,3241
29,Purple,2365
29,Purple,410
29,Purple,2505
29,Red,1484
29,Red,4586
29,Red,3661
29,Red,3894
29,Red,2730
29,Teal,5
29,Teal,902
29,Teal,2003
29,Teal,2032
29,Teal,597
29,Teal,1344
29,Violet,2869
29,Violet,2266
29,Violet,3321
29,Yellow,1270
29,Yellow,4416
30,Aquamarine,3757
30,Blue,2789
30,Blue,459
30,Blue,1712
30,Blue,3157
30,Blue,3302
30,Crimson,1456
30,Crimson,430
30,Crimson,1550
30,Fuscia,2007
30,Fuscia,3354
30,Fuscia,3329
30,Goldenrod,335
30,Goldenrod,2551
30,Goldenrod,631
30,Goldenrod,2591
30,Goldenrod,2455
30,Goldenrod,127
30,Goldenrod,1161
30,Goldenrod,272
30,Green,3825
30,Green,4213
30,Green,3055
30,Green,3766
30,Green,2953
30,Green,4282
30,Green,1090
30,Indigo,1962
30,Indigo,3749
30,Indigo,1894
30,Indigo,2017
30,Indigo,126
30,Indigo,2495
30,Indigo,1749
30,Maroon,4981
30,Maroon,129
30,Maroon,2584
30,Mauv,3966
30,Mauv,3738
30,Orange,512
30,Orange,1130
30,Pink,707
30,Pink,2089
30,Pink,2517
30,Puce,1276
30,Puce,2193
30,Puce,286
30,Puce,3357
30,Puce,915
30,Puce,4893
30,Puce,492
30,Puce,2700
30,Puce,3808
30,Puce,4441
30,Purple,648
30,Purple,3540
30,Red,254
30,Red,2652
30,Teal,391
30,Teal,3673
30,Teal,986
30,Turquoise,4766
30,Turquoise,2686
30,Turquoise,176
30,Violet,1794
30,Violet,3364
30,Violet,2435
30,Violet,4056
30,Violet,1792
30,Violet,4183
30,Violet,2045
30,Violet,570
30,Yellow,2143
30,Yellow,4049
30,Yellow,1121
30,Yellow,336
31,Aquamarine,827
31,Blue,2775
31,Blue,3811
31,Blue,4050
31,Crimson,712
31,Crimson,2946
31,Crimson,4134
31,Fuscia,1199
31,Fuscia,3249
31,Fuscia,946
31,Fuscia,2704
31,Fuscia,2747
31,Fuscia,131
31,Fuscia,74
31,Goldenrod,2577
31,Goldenrod,1710
31,Goldenrod,1827
31,Goldenrod,1804
31,Goldenrod,4018
31,Goldenrod,72
31,Goldenrod,757
31,Green,2434
31,Green,3896
31,Green,4960
31,Indigo,4423
31,Indigo,18
31,Khaki,3230
31,Khaki,4268
31,Khaki,1742
31,Khaki,848
31,Khaki,1010
31,Maroon,2540
31,Maroon,1007
31,Maroon,4417
31,Maroon,2830
31,Maroon,4878
31,Maroon,3036
31,Mauv,378
31,Orange,2916
31,Orange,3062
31,Orange,2898
31,Orange,2356
31,Orange,1346
31,Orange,1025
31,Orange,4895
31,Pink,2386
31,Pink,720
31,Pink,1371
31,Pink,2373
31,Pink,41
31,Pink,3292
31,Puce,716
31,Puce,2699
31,Puce,3743
31,Purple,4812
31,Purple,3074
31,Purple,788
31,Red,3904
31,Red,4513
31,Red,1132
31,Red,2306
31,Red,4311
31,Red,1293
31,Teal,4234
31,Teal,728
31,Teal,42
31,Teal,1497
31,Teal,2729
31,Teal,3970
31,Turquoise,343
31,Turquoise,2820
31,Turquoise,4635
31,Violet,1884
31,Violet,4817
31,Violet,2070
31,Violet,3881
31,Violet,4100
31,Violet,2352
31,Violet,4079
31,Yellow,162
31,Yellow,3930
32,Aquamarine,4427
32,Aquamarine,2582
32,Aquamarine,2835
32,Aquamarine,299
32,Aquamarine,4063
32,Aquamarine,1912
32,Aquamarine,2648
32,Aquamarine,4627
32,Blue,511
32,Blue,3513
32,Blue,2232
32,Blue,1038
32,Crimson,440
32,Crimson,761
32,Crimson,2102
32,Crimson,3755
32,Crimson,4899
32,Fuscia,4314
32,Fuscia,1840
32,Fuscia,2490
32,Fuscia,3761
32,Fuscia,4642
32,Fuscia,2034
32,Fuscia,1133
32,Goldenrod,4004
32,Goldenrod,1101
32,Goldenrod,4343
32,Goldenrod,1996
32,Goldenrod,3441
32,Goldenrod,2733
32,Goldenrod,85
32,Goldenrod,3162
32,Green,2954
32,Green,2736
32,Green,2120
32,Green,2476
32,Indigo,1502
32,Indigo,3258
32,Indigo,4837
32,Indigo,3596
32,Khaki,4537
32,Khaki,2214
32,Maroon,4655
32,Maroon,1993
32,Maroon,1951
32,Maroon,4076
32,Maroon,1944
32,Maroon,1281
32,Mauv,1076
32,Mauv,3406
32,Mauv,1846
32,Orange,541
32,Orange,4843
32,Pink,3849
32,Pink,4568
32,Puce,1738
32,Puce,3102
32,Puce,2351
32,Purple,1057
32,Purple,3143
32,Purple,4434
32,Purple,2821
32,Red,2827
32,Red,471
32,Red,2895
32,Red,4615
32,Red,3521
32,Teal,2147
32,Teal,4555
32,Teal,3089
32,Teal,2269
32,Teal,2297
32,Teal,3146
32,Teal,2856
32,Teal,1812
32,Teal,2557
32,Teal,3502
32,Teal,287
32,Teal,2278
32,Turquoise,19
32,Turquoise,594
32,Turquoise,4289
32,Turquoise,2909
32,Turquoise,4297
32,Turquoise,1765
32,Violet,3501
32,Violet,4067
32,Yellow,4261
32,Yellow,4948
32,Yellow,828
32,Yellow,1755
32,Yellow,4205
33,Aquamarine,415
33,Aquamarine,2274
33,Aquamarine,805
33,Aquamarine,461
33,Blue,455
33,Blue,1034
33,Crimson,1370
33,Fuscia,4746
33,Fuscia,3212
33,Goldenrod,2900
33,Goldenrod,1697
33,Goldenrod,1024
33,Goldenrod,2056
33,Goldenrod,1813
33,Goldenrod,4039
33,Goldenrod,2041
33,Green,4135
33,Green,4618
33,Green,542
33,Green,4902
33,Green,3859
33,Green,3006
33,Indigo,1298
33,Indigo,3804
33,Indigo,1991
33,Indigo,2400
33,Indigo,476
33,Khaki,658
33,Khaki,4484
33,Khaki,2202
33,Maroon,3389
33,Maroon,3582
33,Maroon,846
33,Maroon,539
33,Maroon,4027
33,Mauv,3764
33,Mauv,670
33,Mauv,3614
33,Mauv,4909
33,Mauv,4381
33,Mauv,2866
33,Mauv,1797
33,Mauv,3879
33,Mauv,2127
33,Mauv,2155
33,Orange,1446
33,Orange,1936
33,Pink,4874
33,Pink,3800
33,Pink,3341
33,Puce,3695
33,Puce,3071
33,Puce,445
33,Puce,226
33,Purple,1572
33,Purple,4688
33,Purple,4474
33,Purple,3984
33,Purple,4768
33,Red,1228
33,Red,3113
33,Red,2965
33,Red,199
33,Red,3916
33,Teal,3338
33,Teal,1
33,Teal,957
33,Teal,4375
33,Teal,3353
33,Turquoise,4591
33,Violet,3968
33,Violet,4192
33,Violet,562
33,Violet,2728
33,Violet,2448
33,Yellow,3652
33,Yellow,951
33,Yellow,1720
33,Yellow,3663
34,Aquamarine,3946
34,Aquamarine,4328
34,Aquamarine,4650
34,Aquamarine,1215
34,Aquamarine,637
34,Aquamarine,132
34,Blue,4998
34,Blue,3976
34,Blue,2151
34,Blue,4000
34,Blue,2479
34,Crimson,2623
34,Crimson,2667
34,Crimson,3949
34,Crimson,4800
34,Crimson,2816
34,Crimson,1302
34,Crimson,58
34,Fuscia,3042
34,Fuscia,3220
34,Fuscia,1069
34,Fuscia,2521
34,Fuscia,2211
34,Fuscia,4220
34,Fuscia,4729
34,Goldenrod,1662
34,Goldenrod,1585
34,Goldenrod,2347
34,Goldenrod,2645
34,Green,4233
34,Green,3416
34,Green,1146
34,Green,2651
34,Green,3634
34,Green,4166
34,Green,1713
34,Green,958
34,Green,2026
34,Indigo,3678
34,Indigo,877
34,Indigo,2828
34,Indigo,3486
34,Indigo,990
34,Indigo,121
34,Khaki,2680
34,Khaki,1547
34,Khaki,4195
34,Khaki,3442
34,Khaki,2181
34,Khaki,584
34,Khaki,2539
34,Maroon,3967
34,Maroon,880
34,Maroon,2687
34,Maroon,3368
34,Maroon,900
34,Maroon,4508
34,Maroon,2039
34,Mauv,2004
34,Mauv,4525
34,Mauv,2868
34,Mauv,3372
34,Orange,4333
34,Orange,894
34,Orange,320
34,Orange,2342
34,Orange,2097
34,Pink,2669
34,Pink,146
34,Pink,752
34,Puce,1540
34,Puce,1202
34,Puce,3751
34,Puce,742
34,Purple,750
34,Purple,2985
34,Purple,4120
34,Purple,1868
34,Red,209
34,Red,3060
34,Red,1171
34,Red,4975
34,Red,737
34,Teal,2210
34,Teal,1901
34,Teal,2198
34,Teal,3322
34,Teal,4894
34,Turquoise,3611
34,Violet,4702
34,Violet,2122
34,Violet,859
34,Violet,522
34,Violet,2176
34,Violet,2167
34,Yellow,2035
34,Yellow,3072
35,Aquamarine,1454
35,Aquamarine,4092
35,Aquamarine,52
35,Blue,943
35,Blue,3331
35,Blue,888
35,Blue,3004
35,Blue,1011
35,Crimson,387
35,Crimson,3010
35,Crimson,4882
35,Crimson,4323
35,Crimson,3624
35,Fuscia,1621
35,Fuscia,1896
35,Fuscia,4322
35,Fuscia,3366
35,Fuscia,4914
35,Goldenrod,4391
35,Goldenrod,2196
35,Green,1703
35,Green,4019
35,Green,4444
35,Green,2218
35,Indigo,1386
35,Indigo,2234
35,Indigo,1337
35,Khaki,790
35,Maroon,4492
35,Maroon,2752
35,Maroon,1525
35,Maroon,3145
35,Mauv,4935
35,Mauv,501
35,Mauv,1872
35,Mauv,4678
35,Mauv,3166
35,Orange,94
35,Orange,207
35,Orange,4905
35,Orange,1383
35,Pink,711
35,Puce,224
35,Puce,4191
35,Puce,4477
35,Purple,351
35,Purple,2854
35,Purple,1352
35,Purple,3156
35,Purple,3176
35,Red,1394
35,Red,2665
35,Red,2787
35,Red,70
35,Red,4258
35,Red,4932
35,Teal,1384
35,Teal,3080
35,Teal,35
35,Teal,227
35,Teal,397
35,Turquoise,2905
35,Turquoise,2629
35,Turquoise,2857
35,Turquoise,4626
35,Turquoise,2047
35,Turquoise,2229
35,Turquoise,2428
35,Violet,4691
35,Violet,2574
35,Violet,4844
35,Violet,546
35,Violet,4473
35,Violet,4352
35,Violet,3110
35,Yellow,2643
35,Yellow,1066
35,Yellow,4898
36,Aquamarine,4062
36,Aquamarine,2199
36,Aquamarine,901
36,Aquamarine,4597
36,Aquamarine,482
36,Blue,214
36,Blue,4755
36,Blue,51
36,Blue,4790
36,Crimson,3265
36,Crimson,2403
36,Crimson,3523
36,Crimson,3303
36,Crimson,4231
36,Fuscia,1866
36,Fuscia,723
36,Fuscia,4972
36,Fuscia,3082
36,Fuscia,3955
36,Fuscia,3161
36,Fuscia,2515
36,Goldenrod,2393
36,Goldenrod,649
36,Goldenrod,1992
36,Goldenrod,3794
36,Goldenrod,1771
36,Goldenrod,31
36,Goldenrod,3108
36,Goldenrod,628
36,Goldenrod,1339
36,Green,970
36,Green,1650
36,Green,4118
36,Green,337
36,Indigo,1328
36,Indigo,1842
36,Khaki,2941
36,Khaki,1048
36,Khaki,3217
36,Maroon,4907
36,Maroon,910
36,Maroon,3286
36,Maroon,8
36,Mauv,3327
36,Mauv,276
36,Mauv,929
36,Mauv,1559
36,Mauv,886
36,Orange,3465
36,Orange,1435
36,Orange,3272
36,Orange,2834
36,Orange,1490
36,Pink,4528
36,Pink,2263
36,Pink,1252
36,Pink,1240
36,Pink,1741
36,Pink,4350
36,Pink,2241
36,Pink,1634
36,Pink,4065
36,Puce,4197
36,Puce,3148
36,Puce,3736
36,Puce,4031
36,Puce,592
36,Puce,1266
36,Puce,2240
36,Purple,3395
36,Purple,3424
36,Purple,2185
36,Purple,1972
36,Purple,2396
36,Purple,1903
36,Purple,1495
36,Red,1785
36,Red,1256
36,Teal,3637
36,Turquoise,2559
36,Turquoise,560
36,Turquoise,732
36,Turquoise,1448
36,Turquoise,4123
36,Violet,3126
36,Violet,155
36,Violet,1568
36,Violet,3626
36,Violet,4707
36,Violet,4941
36,Violet,4993
36,Yellow,4221
36,Yellow,3786
36,Yellow,1848
36,Yellow,1784
36,Yellow,4163
37,Aquamarine,2803
37,Aquamarine,283
37,Aquamarine,3075
37,Aquamarine,4457
37,Aquamarine,3339
37,Aquamarine,1184
37,Aquamarine,3638
37,Aquamarine,3462
37,Blue,2806
37,Blue,4044
37,Blue,134
37,Blue,4045
37,Crimson,889
37,Crimson,942
37,Crimson,963
37,Fuscia,2314
37,Goldenrod,3588
37,Goldenrod,3135
37,Goldenrod,280
37,Goldenrod,3510
37,Goldenrod,3481
37,Green,1305
37,Green,4951
37,Green,4455
37,Green,1426
37,Green,589
37,Indigo,1207
37,Indigo,2599
37,Indigo,3610
37,Indigo,3852
37,Indigo,3718
37,Indigo,965
37,Indigo,2293
37,Indigo,3576
37,Khaki,4720
37,Khaki,2200
37,Khaki,2398
37,Khaki,1864
37,Khaki,4279
37,Khaki,944
37,Khaki,2101
37,Khaki,2073
37,Maroon,1126
37,Maroon,2416
37,Maroon,4214
37,Maroon,2679
37,Mauv,1917
37,Pink,1472
37,Pink,1736
37,Pink,4641
37,Pink,3013
37,Pink,2201
37,Puce,4468
37,Puce,1289
37,Puce,4531
37,Puce,1963
37,Puce,1928
37,Puce,4779
37,Puce,1474
37,Puce,2447
37,Purple,2474
37,Purple,4911
37,Purple,2706
37,Purple,1610
37,Purple,2889
37,Purple,2903
37,Purple,4198
37,Purple,3656
37,Red,4203
37,Red,3563
37,Red,3315
37,Teal,3559
37,Teal,3562
37,Teal,795
37,Turquoise,2927
37,Violet,1743
37,Violet,2013
37,Violet,1873
37,Violet,4292
37,Violet,1494
37,Violet,437
37,Yellow,1348
37,Yellow,3965
37,Yellow,4645
38,Aquamarine,2514
38,Aquamarine,926
38,Aquamarine,2131
38,Blue,313
38,Blue,2111
38,Blue,3335
38,Crimson,3840
38,Fuscia,977
38,Fuscia,3708
38,Goldenrod,4966
38,Goldenrod,574
38,Goldenrod,2418
38,Goldenrod,3095
38,Goldenrod,1043
38,Green,3704
38,Green,1733
38,Green,4752
38,Green,4749
38,Green,2008
38,Green,1709
38,Green,4204
38,Indigo,1415
38,Indigo,3726
38,Indigo,3332
38,Indigo,172
38,Indigo,1170
38,Indigo,1238
38,Indigo,231
38,Indigo,2758
38,Indigo,201
38,Indigo,715
38,Indigo,1396
38,Khaki,3050
38,Khaki,3670
38,Khaki,2507
38,Maroon,1136
38,Maroon,950
38,Maroon,4428
38,Mauv,3493
38,Mauv,1221
38,Mauv,447
38,Orange,2573
38,Orange,250
38,Orange,1847
38,Pink,1418
38,Pink,3815
38,Pink,4021
38,Pink,4965
38,Puce,1511
38,Puce,4515
38,Puce,3737
38,Purple,576
38,Purple,2759
38,Red,3153
38,Red,564
38,Teal,3141
38,Turquoise,1579
38,Turquoise,3343
38,Turquoise,3256
38,Turquoise,3685
38,Violet,47
38,Violet,1623
38,Violet,4912
38,Violet,2094
38,Violet,819
38,Violet,398
38,Violet,4407
38,Yellow,3821
38,Yellow,1577
39,Aquamarine,2174
39,Aquamarine,556
39,Aquamarine,2238
39,Aquamarine,749
39,Aquamarine,2473
39,Aquamarine,3382
39,Aquamarine,4255
39,Blue,730
39,Blue,3213
39,Blue,1338
39,Crimson,2715
39,Crimson,3769
39,Crimson,4245
39,Crimson,1065
39,Fuscia,903
39,Fuscia,2478
39,Fuscia,3404
39,Fuscia,586
39,Goldenrod,3908
39,Goldenrod,2392
39,Goldenrod,1498
39,Goldenrod,4919
39,Goldenrod,2331
39,Green,498
39,Green,4288
39,Green,4421
39,Green,4121
39,Green,188
39,Green,2159
39,Green,3560
39,Indigo,4825
39,Indigo,3117
39,Indigo,4369
39,Indigo,4030
39,Indigo,99
39,Indigo,3722
39,Indigo,3123
39,Indigo,747
39,Indigo,1575
39,Indigo,3651
39,Khaki,551
39,Khaki,1267
39,Maroon,754
39,Maroon,48
39,Mauv,1406
39,Mauv,2981
39,Mauv,489
39,Mauv,2849
39,Orange,3319
39,Orange,4310
39,Orange,3857
39,Orange,2286
39,Pink,3359
39,Pink,3495
39,Pink,3763
39,Pink,133
39,Pink,3892
39,Pink,1363
39,Pink,3592
39,Pink,1424
39,Pink,4422
39,Pink,3803
39,Puce,961
39,Puce,1050
39,Puce,497
39,Puce,454
39,Puce,3568
39,Purple,3002
39,Purple,353
39,Purple,849
39,Purple,3005
39,Purple,3124
39,Purple,3204
39,Purple,1374
39,Red,832
39,Red,3289
39,Red,2862
39,Red,2220
39,Red,2601
39,Red,1898
39,Red,3092
39,Red,1390
39,Red,1859
39,Teal,4250
39,Teal,1600
39,Teal,1639
39,Turquoise,450
39,Turquoise,1544
39,Violet,2294
39,Violet,2346
39,Violet,321
39,Violet,4260
39,Violet,1356
39,Violet,4091
39,Violet,66
39,Violet,2192
39,Yellow,389
39,Yellow,759
39,Yellow,4189
40,Aquamarine,952
40,Aquamarine,764
40,Aquamarine,2714
40,Aquamarine,2354
40,Aquamarine,949
40,Aquamarine,3865
40,Aquamarine,4408
40,Aquamarine,866
40,Aquamarine,252
40,Blue,4338
40,Blue,1520
40,Blue,3795
40,Blue,3096
40,Blue,3185
40,Blue,780
40,Blue,1545
40,Crimson,2545
40,Crimson,1762
40,Crimson,288
40,Crimson,2308
40,Fuscia,2345
40,Fuscia,3059
40,Goldenrod,3379
40,Goldenrod,2997
40,Goldenrod,4342
40,Goldenrod,1787
40,Goldenrod,1113
40,Green,4426
40,Green,3223
40,Green,4445
40,Green,4274
40,Green,3200
40,Green,919
40,Indigo,3356
40,Indigo,141
40,Khaki,2290
40,Khaki,2904
40,Maroon,3839
40,Maroon,1906
40,Maroon,1652
40,Mauv,988
40,Mauv,2341
40,Orange,439
40,Orange,3889
40,Orange,2012
40,Pink,1033
40,Pink,1773
40,Pink,1644
40,Pink,2485
40,Puce,4848
40,Puce,4382
40,Puce,2504
40,Puce,3902
40,Puce,4105
40,Puce,96
40,Purple,1886
40,Purple,3870
40,Purple,1557
40,Purple,4704
40,Red,3138
40,Red,2024
40,Red,668
40,Teal,1735
40,Teal,2318
40,Teal,1536
40,Teal,1226
40,Teal,4486
40,Teal,4936
40,Turquoise,2287
40,Turquoise,2361
40,Turquoise,2310
40,Turquoise,3653
40,Turquoise,1079
40,Turquoise,2608
40,Violet,4451
40,Violet,3001
40,Violet,4495
40,Violet,1431
40,Violet,1123
40,Violet,1683
40,Yellow,2881
40,Yellow,945
40,Yellow,3950
40,Yellow,4714
41,Aquamarine,3337
41,Aquamarine,2061
41,Aquamarine,2593
41,Aquamarine,3572
41,Aquamarine,2944
41,Aquamarine,4855
41,Blue,918
41,Blue,4278
41,Crimson,78
41,Crimson,1837
41,Crimson,2303
41,Crimson,1074
41,Crimson,3275
41,Crimson,4083
41,Crimson,262
41,Crimson,4949
41,Crimson,292
41,Goldenrod,4550
41,Goldenrod,4053
41,Goldenrod,4187
41,Green,3974
41,Green,3687
41,Green,3750
41,Green,2556
41,Green,4507
41,Green,2951
41,Indigo,317
41,Indigo,2086
41,Indigo,890
41,Indigo,3340
41,Khaki,4803
41,Khaki,251
41,Maroon,4151
41,Maroon,1241
41,Maroon,2296
41,Mauv,786
41,Mauv,4536
41,Mauv,3171
41,Mauv,776
41,Mauv,4140
41,Orange,4705
41,Orange,734
41,Pink,4538
41,Pink,773
41,Puce,514
41,Puce,3890
41,Puce,1480
41,Puce,3224
41,Puce,2136
41,Purple,1619
41,Purple,3943
41,Purple,2662
41,Red,1046
41,Red,3043
41,Red,3832
41,Red,1160
41,Red,4376
41,Red,3276
41,Red,971
41,Teal,4284
41,Teal,269
41,Teal,4885
41,Turquoise,2134
41,Turquoise,1769
41,Violet,1588
41,Violet,4470
41,Violet,3464
41,Violet,3026
41,Yellow,1369
41,Yellow,1867
41,Yellow,3451
41,Yellow,1402
41,Yellow,3782
41,Yellow,1163
42,Aquamarine,3023
42,Aquamarine,61
42,Aquamarine,2082
42,Aquamarine,3802
42,Aquamarine,1677
42,Blue,1819
42,Blue,1975
42,Blue,829
42,Blue,4485
42,Blue,1397
42,Blue,3469
42,Crimson,3920
42,Crimson,3616
42,Crimson,2875
42,Fuscia,4379
42,Fuscia,1806
42,Fuscia,4516
42,Fuscia,296
42,Fuscia,1909
42,Fuscia,4364
42,Goldenrod,4060
42,Goldenrod,3107
42,Goldenrod,2839
42,Goldenrod,882
42,Goldenrod,3017
42,Goldenrod,2271
42,Green,301
42,Indigo,2658
42,Indigo,3245
42,Indigo,2804
42,Khaki,3960
42,Khaki,3194
42,Khaki,2077
42,Khaki,4662
42,Khaki,421
42,Maroon,2671
42,Maroon,4739
42,Mauv,4370
42,Mauv,2367
42,Mauv,4419
42,Mauv,2423
42,Mauv,240
42,Mauv,2207
42,Orange,3348
42,Orange,1799
42,Orange,2607
42,Orange,4193
42,Orange,2959
42,Orange,4471
42,Pink,2048
42,Pink,4875
42,Pink,3307
42,Pink,2052
42,Pink,2562
42,Pink,1075
42,Pink,144
42,Pink,3195
42,Puce,3812
42,Puce,2166
42,Puce,1198
42,Puce,3264
42,Puce,4158
42,Puce,3838
42,Purple,2160
42,Purple,1345
42,Purple,2852
42,Purple,3287
42,Purple,2162
42,Purple,2163
42,Purple,4154
42,Red,4433
42,Red,1316
42,Red,2305
42,Red,2053
42,Teal,1357
42,Teal,2713
42,Teal,847
42,Teal,151
42,Teal,3090
42,Teal,1492
42,Turquoise,3789
42,Turquoise,4400
42,Turquoise,3947
42,Turquoise,1326
42,Violet,4072
42,Violet,2358
42,Violet,2799
42,Violet,4630
42,Violet,3517
42,Yellow,2980
42,Yellow,4654
42,Yellow,615
42,Yellow,4582
43,Aquamarine,3940
43,Aquamarine,3250
43,Aquamarine,2756
43,Aquamarine,3570
43,Blue,1563
43,Blue,1571
43,Blue,608
43,Blue,4968
43,Blue,366
43,Blue,998
43,Blue,2649
43,Blue,4670
43,Blue,465
43,Blue,861
43,Crimson,2494
43,Crimson,4637
43,Crimson,2932
43,Fuscia,1688
43,Fuscia,1543
43,Fuscia,3900
43,Fuscia,972
43,Goldenrod,1445
43,Goldenrod,4647
43,Goldenrod,1059
43,Goldenrod,2719
43,Goldenrod,3712
43,Green,3829
43,Green,1152
43,Indigo,3360
43,Indigo,54
43,Indigo,3990
43,Indigo,796
43,Indigo,2317
43,Khaki,4249
43,Khaki,645
43,Khaki,4727
43,Khaki,2592
43,Khaki,4410
43,Khaki,2598
43,Maroon,1028
43,Maroon,1637
43,Maroon,3830
43,Maroon,1815
43,Mauv,3029
43,Mauv,2219
43,Mauv,4114
43,Orange,2702
43,Orange,920
43,Orange,4718
43,Pink,4227
43,Pink,1169
43,Pink,3860
43,Pink,1082
43,Puce,295
43,Puce,143
43,Puce,607
43,Puce,408
43,Purple,1111
43,Purple,3313
43,Purple,3939
43,Purple,4487
43,Red,2480
43,Red,3191
43,Red,349
43,Red,4075
43,Red,636
43,Red,3109
43,Teal,2631
43,Teal,2422
43,Turquoise,1930
43,Turquoise,1070
43,Turquoise,4744
43,Violet,3413
43,Violet,256
43,Violet,4612
43,Violet,4789
43,Violet,4743
43,Yellow,1443
44,Aquamarine,1609
44,Aquamarine,1969
44,Aquamarine,4987
44,Aquamarine,1087
44,Blue,2183
44,Blue,3033
44,Blue,4186
44,Blue,3528
44,Blue,4078
44,Crimson,1268
44,Crimson,3008
44,Crimson,978
44,Crimson,4224
44,Fuscia,2912
44,Fuscia,3554
44,Fuscia,3054
44,Fuscia,863
44,Goldenrod,4267
44,Goldenrod,1219
44,Goldenrod,2917
44,Goldenrod,2748
44,Green,3271
44,Green,3767
44,Green,1746
44,Green,411
44,Green,581
44,Indigo,932
44,Khaki,4758
44,Khaki,831
44,Khaki,3457
44,Khaki,1078
44,Maroon,1926
44,Maroon,1603
44,Maroon,517
44,Mauv,520
44,Mauv,3069
44,Mauv,2998
44,Mauv,2015
44,Orange,503
44,Orange,4896
44,Orange,4697
44,Pink,1692
44,Pink,4770
44,Pink,3541
44,Pink,2638
44,Pink,687
44,Pink,4961
44,Puce,4799
44,Puce,4813
44,Puce,772
44,Purple,4841
44,Purple,518
44,Purple,424
44,Purple,2781
44,Purple,906
44,Purple,4665
44,Red,4730
44,Red,1567
44,Red,1669
44,Red,2761
44,Teal,2129
44,Teal,3420
44,Teal,3831
44,Turquoise,913
44,Turquoise,174
44,Turquoise,3187
44,Turquoise,1796
44,Violet,4384
44,Violet,4437
44,Violet,515
44,Violet,1327
44,Yellow,2224
44,Yellow,4573
45,Aquamarine,653
45,Blue,322
45,Blue,2848
45,Blue,3118
45,Blue,2154
45,Crimson,3925
45,Crimson,2443
45,Crimson,2270
45,Crimson,2745
45,Crimson,4560
45,Crimson,4142
45,Fuscia,2426
45,Fuscia,4698
45,Fuscia,4774
45,Goldenrod,3977
45,Goldenrod,2832
45,Goldenrod,3534
45,Green,4216
45,Green,393
45,Green,1856
45,Green,1562
45,Green,2989
45,Indigo,593
45,Indigo,561
45,Khaki,4347
45,Khaki,265
45,Maroon,3979
45,Maroon,1843
45,Maroon,4295
45,Maroon,1314
45,Maroon,1005
45,Mauv,2079
45,Mauv,1104
45,Mauv,4453
45,Mauv,3549
45,Orange,158
45,Orange,2886
45,Orange,3913
45,Orange,1508
45,Orange,1778
45,Pink,3076
45,Pink,1012
45,Pink,2477
45,Pink,1734
45,Pink,125
45,Pink,1485
45,Pink,1455
45,Puce,4309
45,Puce,88
45,Purple,1194
45,Purple,1044
45,Purple,691
45,Purple,4059
45,Purple,2767
45,Red,3575
45,Red,3644
45,Red,356
45,Red,1961
45,Red,4293
45,Teal,3875
45,Teal,1640
45,Turquoise,1933
45,Violet,3666
45,Violet,453
45,Violet,3346
45,Violet,523
45,Violet,834
45,Yellow,1994
45,Yellow,4272
46,Aquamarine,3405
46,Aquamarine,789
46,Aquamarine,4682
46,Blue,3439
46,Blue,616
46,Blue,1716
46,Crimson,137
46,Crimson,2718
46,Fuscia,3283
46,Fuscia,403
46,Fuscia,2020
46,Goldenrod,4575
46,Goldenrod,3650
46,Goldenrod,3101
46,Goldenrod,263
46,Goldenrod,3234
46,Green,3468
46,Green,938
46,Green,1576
46,Indigo,2437
46,Indigo,1284
46,Indigo,4316
46,Indigo,3454
46,Maroon,606
46,Maroon,3132
46,Maroon,4824
46,Maroon,4303
46,Maroon,4265
46,Maroon,702
46,Mauv,1686
46,Mauv,4690
46,Mauv,3569
46,Mauv,3935
46,Mauv,2421
46,Mauv,448
46,Mauv,3744
46,Orange,3305
46,Orange,3282
46,Orange,4054
46,Orange,558
46,Orange,81
46,Orange,3430
46,Orange,2391
46,Pink,4251
46,Pink,4564
46,Pink,3278
46,Pink,3019
46,Pink,1904
46,Puce,3854
46,Purple,4925
46,Purple,1229
46,Purple,1232
46,Purple,4826
46,Purple,255
46,Red,4833
46,Red,2186
46,Red,4337
46,Red,3489
46,Red,1687
46,Red,460
46,Teal,1945
46,Teal,4976
46,Teal,3063
46,Teal,4608
46,Turquoise,694
46,Turquoise,3709
46,Turquoise,748
46,Turquoise,1453
46,Violet,3780
46,Violet,4315
46,Violet,2371
46,Violet,2105
46,Yellow,2322
46,Yellow,4409
46,Yellow,1233
46,Yellow,613
46,Yellow,4169
46,Yellow,2068
46,Yellow,1235
47,Aquamarine,1757
47,Aquamarine,6
47,Aquamarine,4916
47,Aquamarine,1627
47,Aquamarine,4660
47,Aquamarine,1262
47,Aquamarine,4559
47,Blue,3731
47,Blue,3496
47,Blue,4980
47,Blue,2436
47,Blue,1117
47,Crimson,1532
47,Crimson,2095
47,Crimson,4499
47,Crimson,2158
47,Fuscia,2066
47,Fuscia,3680
47,Fuscia,1189
47,Fuscia,2311
47,Fuscia,2372
47,Fuscia,4927
47,Goldenrod,3471
47,Goldenrod,4873
47,Goldenrod,701
47,Goldenrod,2164
47,Goldenrod,4405
47,Green,2000
47,Green,4110
47,Indigo,3116
47,Indigo,247
47,Indigo,3392
47,Indigo,962
47,Indigo,4795
47,Indigo,4141
47,Khaki,4029
47,Khaki,184
47,Khaki,4047
47,Maroon,3393
47,Maroon,395
47,Mauv,3175
47,Mauv,4908
47,Mauv,1091
47,Orange,4519
47,Orange,4099
47,Pink,3516
47,Pink,850
47,Puce,2006
47,Puce,1183
47,Puce,3355
47,Puce,3070
47,Purple,3222
47,Purple,2074
47,Purple,3884
47,Red,4223
47,Red,1122
47,Red,3819
47,Red,24
47,Red,2118
47,Teal,302
47,Teal,1247
47,Teal,3555
47,Teal,1981
47,Turquoise,1124
47,Turquoise,1546
47,Turquoise,2571
47,Turquoise,1801
47,Violet,1538
47,Violet,4653
47,Violet,475
47,Violet,4014
47,Violet,4442
47,Violet,3111
47,Violet,22
47,Violet,3306
47,Yellow,2979
47,Yellow,2493
47,Yellow,2440
48,Aquamarine,45
48,Aquamarine,1548
48,Aquamarine,2397
48,Aquamarine,4202
48,Aquamarine,808
48,Aquamarine,941
48,Aquamarine,3201
48,Blue,1154
48,Blue,4938
48,Blue,663
48,Blue,3120
48,Crimson,1968
48,Crimson,1259
48,Crimson,4480
48,Crimson,3034
48,Crimson,1303
48,Fuscia,3314
48,Fuscia,2209
48,Fuscia,855
48,Goldenrod,3381
48,Goldenrod,2798
48,Goldenrod,215
48,Goldenrod,4172
48,Goldenrod,1258
48,Goldenrod,794
48,Goldenrod,4496
48,Green,4971
48,Green,233
48,Green,3158
48,Indigo,409
48,Indigo,1828
48,Indigo,4160
48,Indigo,3518
48,Indigo,4818
48,Khaki,2063
48,Khaki,2978
48,Khaki,4357
48,Maroon,3409
48,Maroon,3765
48,Mauv,922
48,Mauv,1964
48,Mauv,1580
48,Mauv,4481
48,Orange,4232
48,Orange,1986
48,Orange,3861
48,Pink,4033
48,Pink,43
48,Pink,3799
48,Pink,989
48,Puce,2465
48,Puce,2636
48,Puce,438
48,Puce,2555
48,Purple,3478
48,Purple,2863
48,Purple,1003
48,Purple,4667
48,Red,1423
48,Red,4308
48,Red,3125
48,Red,4429
48,Red,955
48,Red,3746
48,Teal,2952
48,Teal,2328
48,Teal,964
48,Teal,4132
48,Teal,2090
48,Turquoise,3928
48,Turquoise,2153
48,Turquoise,818
48,Turquoise,14
48,Violet,1665
48,Yellow,195
49,Aquamarine,3806
49,Blue,1581
49,Blue,4385
49,Blue,1045
49,Blue,1071
49,Blue,4809
49,Blue,4624
49,Crimson,2080
49,Crimson,1353
49,Fuscia,3460
49,Fuscia,1777
49,Fuscia,898
49,Fuscia,2511
49,Fuscia,3585
49,Goldenrod,1617
49,Goldenrod,237
49,Goldenrod,4777
49,Green,709
49,Green,1890
49,Green,1100
49,Indigo,2031
49,Indigo,2280
49,Indigo,2624
49,Indigo,2864
49,Indigo,3497
49,Indigo,4505
49,Khaki,4073
49,Khaki,4692
49,Khaki,2907
49,Maroon,1783
49,Maroon,3159
49,Maroon,33
49,Maroon,2187
49,Mauv,1871
49,Mauv,1689
49,Mauv,1881
49,Mauv,1829
49,Mauv,4124
49,Orange,1722
49,Orange,4478
49,Pink,4275
49,Pink,4374
49,Pink,3864
49,Pink,328
49,Puce,2337
49,Puce,3941
49,Purple,4320
49,Purple,4621
49,Purple,1063
49,Red,488
49,Red,969
49,Red,2724
49,Red,1359
49,Teal,198
49,Teal,2458
49,Teal,485
49,Teal,2144
49,Teal,2660
49,Turquoise,3328
49,Turquoise,2025
49,Violet,4628
49,Violet,1309
49,Violet,2
49,Yellow,4984
49,Yellow,4633
49,Yellow,700
50,Aquamarine,4217
50,Aquamarine,4012
50,Aquamarine,1072
50,Aquamarine,1420
50,Aquamarine,3383
50,Aquamarine,3131
50,Blue,1611
50,Blue,2142
50,Crimson,304
50,Crimson,2986
50,Crimson,3629
50,Crimson,1887
50,Fuscia,2890
50,Fuscia,4570
50,Goldenrod,326
50,Goldenrod,1313
50,Goldenrod,4041
50,Goldenrod,3671
50,Goldenrod,1500
50,Green,420
50,Green,3668
50,Green,2377
50,Green,1754
50,Green,2919
50,Indigo,1482
50,Indigo,1519
50,Indigo,1938
50,Khaki,2430
50,Khaki,2502
50,Khaki,1643
50,Khaki,2252
50,Khaki,4580
50,Khaki,3691
50,Maroon,4520
50,Mauv,2716
50,Mauv,2409
50,Mauv,1429
50,Mauv,3595
50,Mauv,1077
50,Orange,62
50,Orange,662
50,Orange,755
50,Orange,3269
50,Orange,566
50,Pink,4816
50,Pink,675
50,Pink,4614
50,Pink,431
50,Pink,4244
50,Pink,1888
50,Puce,1127
50,Puce,2774
50,Puce,4377
50,Purple,1349
50,Purple,1195
50,Purple,370
50,Purple,2388
50,Purple,3061
50,Red,2389
50,Red,1440
50,Red,2501
50,Red,1097
50,Red,923
50,Red,3174
50,Red,3298
50,Red,3683
50,Red,4061
50,Red,4164
50,Red,4237
50,Red,4850
50,Teal,4656
50,Teal,211
50,Teal,1727
50,Teal,473
50,Teal,1451
50,Turquoise,4821
50,Turquoise,4611
50,Turquoise,64
50,Turquoise,2602
50,Turquoise,2605
50,Violet,100
50,Violet,3963
50,Violet,871
50,Violet,5000
50,Yellow,1821
50,Yellow,4950
50,Yellow,373
50,Yellow,1927
51,Aquamarine,3047
51,Aquamarine,4738
51,Aquamarine,3129
51,Aquamarine,2508
51,Aquamarine,823
51,Blue,1162
51,Blue,2765
51,Crimson,2404
51,Crimson,3293
51,Crimson,377
51,Fuscia,3835
51,Fuscia,550
51,Fuscia,4815
51,Goldenrod,838
51,Goldenrod,538
51,Goldenrod,3277
51,Goldenrod,1150
51,Goldenrod,3727
51,Green,1970
51,Green,4111
51,Green,3474
51,Green,2470
51,Green,793
51,Green,2792
51,Indigo,1918
51,Khaki,305
51,Maroon,1147
51,Maroon,2250
51,Maroon,4617
51,Maroon,310
51,Mauv,1030
51,Mauv,414
51,Mauv,814
51,Mauv,3371
51,Mauv,1291
51,Mauv,4386
51,Orange,4640
51,Orange,3231
51,Orange,1537
51,Orange,4503
51,Orange,3693
51,Pink,2323
51,Pink,2549
51,Pink,3397
51,Pink,3433
51,Pink,147
51,Puce,2100
51,Puce,505
51,Puce,4740
51,Puce,1602
51,Puce,4526
51,Puce,2634
51,Puce,1515
51,Purple,298
51,Purple,2910
51,Purple,1081
51,Purple,537
51,Red,857
51,Red,404
51,Red,3675
51,Red,3732
51,Teal,3905
51,Teal,1965
51,Teal,2227
51,Teal,3760
51,Turquoise,3408
51,Turquoise,767
51,Turquoise,2780
51,Turquoise,2402
51,Turquoise,2575
51,Turquoise,212
51,Turquoise,3312
51,Violet,1590
51,Violet,350
51,Violet,727
51,Violet,2541
51,Violet,4732
51,Violet,3699
51,Violet,2530
51,Yellow,820
51,Yellow,2058
51,Yellow,4501
51,Yellow,1157
51,Yellow,578
51,Yellow,123
51,Yellow,2569
51,Yellow,3909
51,Yellow,182
52,Aquamarine,1292
52,Aquamarine,940
52,Aquamarine,2381
52,Aquamarine,4177
52,Aquamarine,1421
52,Aquamarine,495
52,Aquamarine,2879
52,Blue,2523
52,Blue,611
52,Crimson,2441
52,Crimson,4910
52,Crimson,3702
52,Crimson,2969
52,Fuscia,1139
52,Fuscia,68
52,Fuscia,4760
52,Fuscia,916
52,Goldenrod,284
52,Goldenrod,1102
52,Goldenrod,4273
52,Goldenrod,4687
52,Goldenrod,1061
52,Green,4934
52,Green,3640
52,Green,4238
52,Green,1343
52,Indigo,3475
52,Indigo,3598
52,Indigo,824
52,Khaki,3093
52,Khaki,4711
52,Khaki,28
52,Khaki,4747
52,Khaki,4336
52,Maroon,1781
52,Maroon,2659
52,Maroon,3196
52,Maroon,874
52,Maroon,2961
52,Maroon,1667
52,Maroon,1204
52,Maroon,4856
52,Maroon,4603
52,Mauv,860
52,Mauv,1845
52,Mauv,186
52,Orange,2664
52,Orange,2694
52,Orange,1487
52,Pink,528
52,Puce,1874
52,Puce,879
52,Puce,2497
52,Puce,307
52,Puce,519
52,Puce,2677
52,Puce,1772
52,Puce,1379
52,Purple,4162
52,Purple,3910
52,Purple,4866
52,Purple,3509
52,Red,2439
52,Red,4252
52,Red,4406
52,Red,1676
52,Red,4502
52,Teal,4200
52,Teal,2746
52,Teal,1080
52,Teal,3730
52,Teal,4438
52,Teal,4206
52,Teal,194
52,Teal,4298
52,Teal,223
52,Teal,4126
52,Turquoise,3018
52,Turquoise,1437
52,Violet,2579
52,Violet,1916
52,Violet,3551
52,Violet,3504
52,Violet,992
52,Violet,4466
52,Violet,109
52,Violet,441
52,Violet,4677
52,Violet,4610
52,Yellow,4128
52,Yellow,3952
52,Yellow,2988
52,Yellow,3105
53,Aquamarine,2107
53,Aquamarine,1835
53,Aquamarine,1701
53,Aquamarine,1008
53,Aquamarine,811
53,Blue,3770
53,Blue,1350
53,Crimson,4435
53,Fuscia,372
53,Fuscia,3488
53,Fuscia,2178
53,Fuscia,981
53,Fuscia,3982
53,Fuscia,4606
53,Goldenrod,3411
53,Goldenrod,3995
53,Goldenrod,2817
53,Goldenrod,3848
53,Goldenrod,3942
53,Green,3288
53,Green,1264
53,Green,103
53,Green,2760
53,Indigo,2861
53,Indigo,4401
53,Khaki,4986
53,Khaki,1631
53,Khaki,1179
53,Maroon,3522
53,Maroon,2772
53,Maroon,1395
53,Maroon,1225
53,Maroon,3538
53,Maroon,1165
53,Maroon,2408
53,Mauv,217
53,Mauv,1606
53,Mauv,1920
53,Mauv,2814
53,Mauv,422
53,Mauv,2064
53,Orange,1817
53,Orange,830
53,Pink,2737
53,Pink,2770
53,Pink,1173
53,Pink,279
53,Pink,152
53,Pink,3455
53,Pink,3479
53,Puce,2578
53,Puce,1739
53,Puce,622
53,Puce,2060
53,Puce,1935
53,Puce,140
53,Purple,1047
53,Purple,40
53,Purple,4847
53,Purple,4371
53,Purple,995
53,Purple,3600
53,Red,258
53,Red,3028
53,Red,4901
53,Red,4822
53,Red,4601
53,Red,93
53,Red,180
53,Red,1224
53,Teal,2205
53,Teal,1554
53,Teal,1181
53,Turquoise,118
53,Turquoise,2133
53,Turquoise,55
53,Violet,596
53,Violet,405
53,Yellow,189
53,Yellow,614
53,Yellow,204
53,Yellow,2484
53,Yellow,756
54,Aquamarine,2267
54,Aquamarine,2975
54,Aquamarine,3152
54,Aquamarine,2779
54,Aquamarine,1882
54,Aquamarine,1477
54,Aquamarine,585
54,Blue,1098
54,Blue,718
54,Blue,2964
54,Blue,654
54,Crimson,2146
54,Crimson,1833
54,Crimson,4953
54,Fuscia,2518
54,Fuscia,4016
54,Fuscia,660
54,Fuscia,623
54,Goldenrod,3867
54,Goldenrod,555
54,Goldenrod,4024
54,Goldenrod,1469
54,Goldenrod,3891
54,Green,3809
54,Green,4300
54,Green,1068
54,Green,4211
54,Indigo,114
54,Indigo,1715
54,Indigo,1811
54,Indigo,1674
54,Indigo,2069
54,Indigo,1566
54,Indigo,3083
54,Indigo,1858
54,Indigo,3144
54,Indigo,683
54,Khaki,2535
54,Khaki,678
54,Khaki,362
54,Maroon,2037
54,Maroon,787
54,Maroon,621
54,Maroon,4646
54,Mauv,2837
54,Mauv,1489
54,Mauv,1679
54,Mauv,1997
54,Mauv,2732
54,Mauv,2348
54,Orange,3586
54,Orange,4116
54,Pink,1979
54,Pink,2931
54,Puce,3103
54,Puce,4523
54,Puce,2925
54,Puce,2668
54,Puce,2289
54,Puce,4348
54,Purple,4002
54,Purple,3571
54,Purple,1463
54,Purple,3104
54,Purple,3787
54,Purple,4671
54,Red,3944
54,Red,1341
54,Red,2469
54,Teal,3229
54,Teal,1381
54,Turquoise,2242
54,Turquoise,4084
54,Turquoise,1319
54,Turquoise,2621
54,Turquoise,1745
54,Violet,2343
54,Violet,2859
54,Yellow,386
54,Yellow,293
54,Yellow,2831
54,Yellow,3846
54,Yellow,3605
54,Yellow,385
55,Aquamarine,3190
55,Aquamarine,3091
55,Aquamarine,358
55,Aquamarine,3259
55,Aquamarine,4026
55,Aquamarine,1277
55,Blue,4879
55,Blue,822
55,Blue,3669
55,Crimson,3577
55,Crimson,624
55,Fuscia,802
55,Fuscia,239
55,Goldenrod,1761
55,Goldenrod,3556
55,Goldenrod,1759
55,Goldenrod,1280
55,Goldenrod,510
55,Green,79
55,Green,4170
55,Green,4253
55,Indigo,2313
55,Indigo,1616
55,Indigo,1279
55,Indigo,3267
55,Indigo,3444
55,Indigo,2709
55,Indigo,4037
55,Khaki,2302
55,Khaki,3172
55,Khaki,1151
55,Khaki,2818
55,Khaki,2492
55,Khaki,876
55,Maroon,4319
55,Maroon,4365
55,Maroon,4877
55,Maroon,1411
55,Maroon,3270
55,Mauv,3375
55,Mauv,4952
55,Mauv,2794
55,Mauv,4098
55,Mauv,4631
55,Mauv,1452
55,Orange,4751
55,Orange,4490
55,Orange,3874
55,Orange,4069
55,Pink,1561
55,Pink,156
55,Pink,1973
55,Pink,4870
55,Pink,681
55,Puce,3203
55,Puce,2844
55,Puce,2055
55,Purple,4788
55,Purple,3735
55,Purple,4786
55,Purple,60
55,Red,4694
55,Red,4112
55,Red,2968
55,Red,1323
55,Red,1013
55,Teal,4122
55,Turquoise,3407
55,Turquoise,1522
55,Turquoise,4585
55,Turquoise,4360
55,Turquoise,479
55,Violet,1145
55,Violet,4578
55,Violet,115
55,Violet,4959
55,Violet,4872
55,Violet,1191
55,Yellow,3326
55,Yellow,651
55,Yellow,930
55,Yellow,980
55,Yellow,3591
55,Yellow,499
55,Yellow,1605
56,Aquamarine,4276
56,Aquamarine,3851
56,Aquamarine,925
56,Aquamarine,3956
56,Aquamarine,4933
56,Blue,724
56,Blue,116
56,Blue,4834
56,Blue,3134
56,Blue,4283
56,Blue,1331
56,Crimson,1949
56,Crimson,1862
56,Fuscia,2805
56,Fuscia,579
56,Fuscia,3020
56,Goldenrod,870
56,Green,4104
56,Green,1744
56,Green,2387
56,Green,1153
56,Indigo,3720
56,Indigo,4784
56,Indigo,2212
56,Indigo,3266
56,Indigo,2594
56,Indigo,2934
56,Indigo,4619
56,Indigo,11
56,Khaki,2642
56,Khaki,1197
56,Khaki,2627
56,Maroon,3309
56,Mauv,3254
56,Mauv,867
56,Orange,3186
56,Orange,434
56,Orange,2228
56,Orange,744
56,Orange,3698
56,Pink,2791
56,Pink,3883
56,Pink,2165
56,Puce,1200
56,Puce,4256
56,Puce,443
56,Puce,1306
56,Puce,191
56,Puce,1839
56,Puce,4599
56,Purple,1368
56,Purple,145
56,Purple,3842
56,Red,993
56,Red,4781
56,Red,1093
56,Red,221
56,Red,1144
56,Teal,1528
56,Teal,2524
56,Teal,4551
56,Teal,2776
56,Teal,1776
56,Teal,1629
56,Teal,1633
56,Turquoise,2282
56,Turquoise,500
56,Turquoise,4942
56,Violet,535
56,Violet,4977
56,Yellow,2630
56,Yellow,2406
56,Yellow,3400
56,Yellow,3692
56,Yellow,4736
56,Yellow,1014
57,Aquamarine,1517
57,Aquamarine,3127
57,Aquamarine,4737
57,Blue,753
57,Blue,2908
57,Blue,3961
57,Crimson,1706
57,Crimson,3565
57,Crimson,3636
57,Crimson,3206
57,Crimson,4450
57,Fuscia,3623
57,Fuscia,3897
57,Fuscia,3279
57,Goldenrod,128
57,Goldenrod,1978
57,Goldenrod,1436
57,Goldenrod,4956
57,Goldenrod,463
57,Green,4312
57,Indigo,1790
57,Indigo,854
57,Indigo,4456
57,Indigo,4772
57,Indigo,3345
57,Indigo,4849
57,Indigo,167
57,Indigo,1083
57,Khaki,1308
57,Khaki,4823
57,Khaki,3476
57,Khaki,4883
57,Khaki,417
57,Khaki,2673
57,Maroon,3317
57,Maroon,333
57,Mauv,3037
57,Orange,3461
57,Orange,2646
57,Orange,4713
57,Pink,57
57,Pink,3208
57,Puce,4763
57,Puce,1108
57,Puce,4460
57,Puce,1120
57,Purple,4324
57,Purple,843
57,Purple,1959
57,Red,2057
57,Red,1060
57,Red,1272
57,Red,3657
57,Red,3412
57,Teal,4248
57,Teal,2119
57,Teal,270
57,Teal,1185
57,Turquoise,248
57,Turquoise,1516
57,Turquoise,1658
57,Turquoise,1260
57,Violet,3660
57,Violet,2336
57,Yellow,2299
57,Yellow,3993
57,Yellow,4946
57,Yellow,2705
58,Aquamarine,2846
58,Aquamarine,2882
58,Aquamarine,1213
58,Aquamarine,472
58,Blue,1695
58,Blue,4869
58,Crimson,1138
58,Crimson,401
58,Fuscia,3929
58,Fuscia,2663
58,Fuscia,665
58,Fuscia,2463
58,Fuscia,4190
58,Fuscia,809
58,Goldenrod,997
58,Green,521
58,Indigo,4842
58,Indigo,1870
58,Indigo,4028
58,Indigo,4332
58,Indigo,2793
58,Indigo,1655
58,Khaki,164
58,Khaki,4549
58,Khaki,3550
58,Khaki,220
58,Maroon,4208
58,Maroon,2766
58,Maroon,1977
58,Maroon,1632
58,Maroon,3606
58,Maroon,3781
58,Maroon,4355
58,Mauv,3215
58,Mauv,2288
58,Mauv,1354
58,Mauv,2283
58,Orange,4022
58,Orange,325
58,Orange,3417
58,Orange,2399
58,Orange,2453
58,Pink,1295
58,Pink,3165
58,Pink,1428
58,Pink,2016
58,Puce,1470
58,Puce,565
58,Puce,2678
58,Purple,4011
58,Purple,3214
58,Purple,4131
58,Purple,4048
58,Purple,3377
58,Red,111
58,Red,3558
58,Red,3545
58,Red,266
58,Red,149
58,Teal,2316
58,Teal,4623
58,Teal,2606
58,Turquoise,2173
58,Turquoise,381
58,Turquoise,3775
58,Turquoise,641
58,Violet,1190
58,Violet,1966
58,Violet,2670
58,Yellow,2939
58,Yellow,2690
58,Yellow,3425
58,Yellow,1285
58,Yellow,4144
58,Yellow,979
58,Yellow,1702
58,Yellow,3733
59,Aquamarine,639
59,Aquamarine,647
59,Aquamarine,2184
59,Blue,3553
59,Blue,157
59,Blue,4051
59,Blue,1521
59,Crimson,2996
59,Crimson,2468
59,Crimson,1830
59,Crimson,4270
59,Fuscia,112
59,Fuscia,3235
59,Fuscia,630
59,Fuscia,4594
59,Goldenrod,4858
59,Goldenrod,3402
59,Goldenrod,4317
59,Goldenrod,1413
59,Goldenrod,1320
59,Green,4402
59,Green,1243
59,Indigo,3688
59,Indigo,852
59,Indigo,4361
59,Indigo,243
59,Khaki,1748
59,Khaki,4681
59,Maroon,733
59,Maroon,4
59,Maroon,2655
59,Maroon,3826
59,Maroon,1112
59,Mauv,4541
59,Mauv,3121
59,Mauv,4724
59,Orange,4587
59,Orange,4071
59,Orange,3885
59,Orange,4404
59,Orange,612
59,Pink,4889
59,Pink,3221
59,Pink,3872
59,Pink,185
59,Puce,791
59,Purple,3210
59,Purple,3700
59,Purple,1141
59,Purple,3951
59,Red,766
59,Red,3051
59,Teal,2332
59,Teal,4672
59,Turquoise,3754
59,Turquoise,154
59,Turquoise,4886
59,Turquoise,2335
59,Turquoise,4009
59,Violet,3390
59,Violet,841
59,Violet,4684
59,Violet,4783
59,Violet,4302
59,Yellow,3011
59,Yellow,2650
59,Yellow,4380
59,Yellow,2513
59,Yellow,3589
59,Yellow,4138
60,Aquamarine,4719
60,Aquamarine,2689
60,Aquamarine,3729
60,Blue,2929
60,Blue,1479
60,Blue,745
60,Crimson,1826
60,Crimson,345
60,Crimson,1037
60,Crimson,3778
60,Fuscia,3323
60,Goldenrod,4696
60,Goldenrod,3893
60,Goldenrod,4090
60,Green,2892
60,Green,2973
60,Green,571
60,Green,2190
60,Green,4542
60,Indigo,4403
60,Indigo,2684
60,Indigo,1134
60,Khaki,4212
60,Khaki,160
60,Khaki,2429
60,Khaki,3728
60,Khaki,2815
60,Khaki,1589
60,Khaki,508
60,Khaki,432
60,Khaki,3334
60,Maroon,1499
60,Maroon,1439
60,Mauv,4806
60,Mauv,4448
60,Mauv,605
60,Mauv,323
60,Mauv,4544
60,Orange,1838
60,Orange,557
60,Orange,4476
60,Orange,330
60,Orange,2836
60,Orange,3450
60,Pink,3705
60,Pink,1294
60,Pink,4175
60,Pink,1450
60,Puce,798
60,Puce,4973
60,Puce,4521
60,Puce,281
60,Puce,4900
60,Puce,383
60,Purple,4735
60,Purple,878
60,Purple,2433
60,Purple,3421
60,Purple,905
60,Purple,1062
60,Red,3291
60,Red,2995
60,Red,306
60,Teal,1704
60,Teal,2976
60,Teal,37
60,Turquoise,261
60,Turquoise,2957
60,Turquoise,4988
60,Violet,4241
60,Yellow,3768
60,Yellow,1114
60,Yellow,394
61,Aquamarine,4418
61,Aquamarine,1322
61,Aquamarine,3740
61,Aquamarine,529
61,Blue,872
61,Blue,3590
61,Blue,2140
61,Blue,3189
61,Blue,4133
61,Crimson,3316
61,Crimson,25
61,Crimson,451
61,Crimson,4593
61,Crimson,4329
61,Fuscia,2150
61,Fuscia,1700
61,Fuscia,1351
61,Fuscia,4529
61,Fuscia,1175
61,Goldenrod,2721
61,Goldenrod,2786
61,Green,799
61,Green,4161
61,Green,1442
61,Green,222
61,Green,1820
61,Indigo,3362
61,Indigo,2769
61,Indigo,3820
61,Indigo,3587
61,Khaki,3163
61,Khaki,163
61,Khaki,591
61,Khaki,1334
61,Khaki,2682
61,Maroon,4321
61,Maroon,4661
61,Maroon,2124
61,Mauv,73
61,Mauv,3628
61,Mauv,2572
61,Mauv,3155
61,Mauv,3933
61,Orange,1774
61,Orange,1211
61,Orange,1682
61,Orange,1410
61,Orange,4143
61,Orange,1570
61,Orange,1205
61,Pink,3906
61,Pink,1793
61,Pink,1362
61,Pink,1943
61,Pink,1372
61,Pink,1535
61,Puce,139
61,Puce,4119
61,Puce,1178
61,Puce,3877
61,Puce,800
61,Purple,3396
61,Purple,2248
61,Purple,3058
61,Purple,1558
61,Purple,4982
61,Purple,768
61,Purple,4762
61,Purple,3491
61,Red,3184
61,Red,3065
61,Red,3273
61,Teal,1242
61,Teal,3423
61,Teal,2450
61,Teal,2285
61,Turquoise,3843
61,Turquoise,80
61,Turquoise,1698
61,Turquoise,50
61,Violet,917
61,Violet,4561
61,Violet,1408
61,Violet,1237
61,Yellow,3281
61,Yellow,1718
62,Aquamarine,216
62,Aquamarine,3373
62,Aquamarine,1636
62,Blue,1905
62,Blue,1638
62,Blue,509
62,Blue,4562
62,Blue,2194
62,Blue,1822
62,Blue,4598
62,Blue,897
62,Crimson,2913
62,Crimson,3401
62,Crimson,3715
62,Crimson,56
62,Crimson,2394
62,Fuscia,3972
62,Fuscia,2656
62,Fuscia,2315
62,Goldenrod,92
62,Goldenrod,4807
62,Goldenrod,4008
62,Green,2256
62,Green,1210
62,Green,1877
62,Green,3957
62,Green,2534
62,Indigo,2179
62,Indigo,4068
62,Indigo,640
62,Indigo,2936
62,Indigo,2703
62,Khaki,4184
62,Khaki,3431
62,Khaki,3679
62,Khaki,1310
62,Khaki,839
62,Maroon,3992
62,Maroon,1335
62,Maroon,1878
62,Mauv,3901
62,Mauv,3578
62,Mauv,4556
62,Mauv,153
62,Mauv,4070
62,Orange,2115
62,Orange,2503
62,Orange,2696
62,Orange,1103
62,Orange,1717
62,Orange,4811
62,Pink,3198
62,Pink,3759
62,Pink,1836
62,Pink,3342
62,Puce,183
62,Puce,2366
62,Puce,2731
62,Puce,168
62,Puce,4787
62,Purple,2797
62,Purple,4604
62,Purple,2279
62,Red,3418
62,Teal,4947
62,Teal,4461
62,Teal,3473
62,Teal,3844
62,Turquoise,3758
62,Turquoise,3440
62,Violet,1660
62,Violet,2795
62,Violet,2537
62,Yellow,1234
62,Yellow,1919
62,Yellow,2751
63,Aquamarine,3914
63,Aquamarine,487
63,Aquamarine,2083
63,Blue,4759
63,Blue,504
63,Blue,1245
63,Blue,4699
63,Blue,2693
63,Blue,2226
63,Blue,359
63,Crimson,4001
63,Fuscia,7
63,Fuscia,1222
63,Fuscia,3370
63,Fuscia,4392
63,Goldenrod,4188
63,Goldenrod,785
63,Goldenrod,446
63,Goldenrod,4689
63,Goldenrod,76
63,Goldenrod,2707
63,Green,868
63,Green,3579
63,Green,4884
63,Green,4269
63,Green,3739
63,Green,1481
63,Green,4136
63,Green,2172
63,Indigo,3301
63,Indigo,1367
63,Indigo,1006
63,Indigo,1301
63,Khaki,2850
63,Khaki,1549
63,Khaki,4530
63,Khaki,3617
63,Maroon,428
63,Maroon,1001
63,Maroon,3458
63,Maroon,379
63,Mauv,1592
63,Mauv,4153
63,Mauv,2717
63,Mauv,4023
63,Mauv,3255
63,Orange,2309
63,Orange,1107
63,Pink,2139
63,Pink,1296
63,Pink,4588
63,Pink,1587
63,Pink,3333
63,Pink,3921
63,Pink,2802
63,Puce,2412
63,Puce,1227
63,Puce,4922
63,Puce,3399
63,Puce,974
63,Puce,3988
63,Puce,4721
63,Puce,2488
63,Purple,39
63,Purple,2743
63,Purple,2739
63,Purple,3888
63,Purple,2117
63,Purple,1412
63,Purple,4996
63,Purple,3834
63,Red,4396
63,Red,4512
63,Teal,3682
63,Teal,1940
63,Teal,4446
63,Teal,2042
63,Teal,273
63,Turquoise,1990
63,Turquoise,244
63,Turquoise,4706
63,Turquoise,3613
63,Turquoise,3745
63,Violet,2808
63,Violet,3057
63,Yellow,2357
63,Yellow,3573
63,Yellow,1855
63,Yellow,2697
63,Yellow,3642
63,Yellow,4196
63,Yellow,777
63,Yellow,257
63,Yellow,4036
64,Aquamarine,4176
64,Aquamarine,234
64,Blue,2842
64,Blue,3899
64,Blue,703
64,Blue,2691
64,Blue,169
64,Blue,4940
64,Blue,2231
64,Crimson,2273
64,Crimson,87
64,Crimson,2071
64,Crimson,914
64,Fuscia,4488
64,Fuscia,3711
64,Fuscia,1503
64,Fuscia,646
64,Goldenrod,4358
64,Goldenrod,1333
64,Goldenrod,1115
64,Green,294
64,Green,2564
64,Indigo,2807
64,Indigo,3031
64,Indigo,1214
64,Indigo,1714
64,Indigo,4871
64,Khaki,2295
64,Khaki,4007
64,Khaki,1832
64,Khaki,4891
64,Khaki,1155
64,Maroon,763
64,Maroon,1089
64,Maroon,851
64,Mauv,2784
64,Mauv,4305
64,Orange,3015
64,Orange,673
64,Orange,1217
64,Orange,4969
64,Pink,16
64,Pink,1249
64,Puce,4152
64,Puce,4828
64,Puce,2620
64,Purple,2261
64,Purple,4181
64,Purple,4420
64,Purple,1009
64,Purple,4666
64,Red,3244
64,Red,2456
64,Red,4127
64,Red,4717
64,Red,4863
64,Red,2994
64,Red,1601
64,Red,53
64,Teal,1168
64,Teal,2871
64,Teal,912
64,Teal,3330
64,Teal,4243
64,Turquoise,1680
64,Turquoise,3574
64,Turquoise,98
64,Turquoise,4731
64,Violet,429
64,Violet,2873
64,Yellow,1791
64,Yellow,1509
64,Yellow,634
64,Yellow,1551
64,Yellow,2801
64,Yellow,4890
65,Aquamarine,4301
65,Aquamarine,1967
65,Aquamarine,2991
65,Aquamarine,2243
65,Aquamarine,4552
65,Aquamarine,643
65,Blue,2076
65,Blue,2483
65,Blue,1017
65,Blue,633
65,Blue,679
65,Blue,484
65,Crimson,1064
65,Crimson,2475
65,Crimson,2876
65,Crimson,324
65,Crimson,677
65,Crimson,1073
65,Crimson,2301
65,Crimson,1506
65,Fuscia,4750
65,Goldenrod,4102
65,Goldenrod,496
65,Goldenrod,2420
65,Goldenrod,4218
65,Goldenrod,71
65,Goldenrod,3053
65,Green,2350
65,Green,3218
65,Green,3824
65,Green,4094
65,Green,4494
65,Green,3620
65,Green,2156
65,Green,530
65,Indigo,1461
65,Indigo,82
65,Indigo,692
65,Indigo,4663
65,Indigo,1596
65,Khaki,2674
65,Khaki,1708
65,Maroon,1236
65,Maroon,205
65,Maroon,895
65,Maroon,2901
65,Maroon,225
65,Maroon,4103
65,Mauv,4753
65,Mauv,3483
65,Orange,3648
65,Orange,3466
65,Orange,725
65,Orange,3923
65,Orange,2093
65,Orange,3927
65,Pink,9
65,Pink,3564
65,Pink,4137
65,Pink,2237
65,Pink,2510
65,Pink,1128
65,Puce,3376
65,Puce,436
65,Puce,4674
65,Puce,3725
65,Puce,3594
65,Purple,2339
65,Purple,804
65,Purple,4854
65,Purple,3045
65,Purple,338
65,Red,1297
65,Red,467
65,Teal,3197
65,Teal,3581
65,Turquoise,309
65,Turquoise,2949
65,Turquoise,1779
65,Turquoise,4436
65,Violet,427
65,Violet,3926
65,Yellow,3236
65,Yellow,4794
65,Yellow,1899
65,Yellow,1475
66,Aquamarine,2840
66,Aquamarine,896
66,Aquamarine,3193
66,Aquamarine,4657
66,Blue,1085
66,Crimson,1180
66,Crimson,150
66,Crimson,812
66,Crimson,3112
66,Crimson,3139
66,Crimson,3776
66,Crimson,3514
66,Crimson,2723
66,Crimson,2334
66,Fuscia,3659
66,Fuscia,714
66,Fuscia,1788
66,Fuscia,166
66,Fuscia,1897
66,Fuscia,4991
66,Goldenrod,1099
66,Goldenrod,1573
66,Green,4648
66,Green,3179
66,Indigo,891
66,Indigo,1067
66,Indigo,4222
66,Indigo,817
66,Khaki,4651
66,Khaki,3087
66,Khaki,4814
66,Khaki,2062
66,Khaki,1999
66,Khaki,2938
66,Khaki,4616
66,Maroon,751
66,Maroon,3797
66,Maroon,3627
66,Mauv,2750
66,Mauv,4368
66,Mauv,760
66,Mauv,364
66,Mauv,4318
66,Mauv,2681
66,Orange,1427
66,Orange,4307
66,Orange,4064
66,Pink,3696
66,Puce,1361
66,Puce,290
66,Puce,2319
66,Puce,3216
66,Puce,400
66,Purple,1597
66,Purple,4388
66,Purple,3996
66,Purple,1764
66,Purple,921
66,Red,4489
66,Red,4802
66,Red,2987
66,Teal,3855
66,Teal,2442
66,Teal,3049
66,Teal,4389
66,Teal,1053
66,Turquoise,3615
66,Turquoise,1740
66,Turquoise,4414
66,Turquoise,3604
66,Violet,635
66,Yellow,1340
66,Yellow,4340
66,Yellow,617
66,Yellow,77
66,Yellow,423
67,Aquamarine,4081
67,Aquamarine,3243
67,Blue,2967
67,Blue,1957
67,Blue,4397
67,Blue,4167
67,Crimson,2966
67,Crimson,382
67,Crimson,1987
67,Crimson,2329
67,Crimson,2899
67,Fuscia,1663
67,Fuscia,1954
67,Fuscia,806
67,Fuscia,4685
67,Fuscia,4644
67,Fuscia,3953
67,Fuscia,4581
67,Goldenrod,3084
67,Goldenrod,1808
67,Goldenrod,3086
67,Green,2855
67,Green,1673
67,Green,3858
67,Green,3085
67,Green,1865
67,Indigo,452
67,Indigo,967
67,Indigo,3823
67,Indigo,4742
67,Indigo,3098
67,Indigo,4881
67,Indigo,1019
67,Indigo,1106
67,Khaki,672
67,Maroon,3533
67,Maroon,3192
67,Maroon,4149
67,Maroon,884
67,Maroon,881
67,Mauv,3128
67,Mauv,2538
67,Mauv,991
67,Orange,2072
67,Orange,1625
67,Orange,2527
67,Orange,3999
67,Orange,1775
67,Orange,27
67,Pink,3022
67,Pink,4454
67,Pink,2596
67,Pink,1058
67,Pink,340
67,Puce,3347
67,Puce,3294
67,Purple,1980
67,Purple,4686
67,Purple,1105
67,Purple,721
67,Purple,4804
67,Purple,399
67,Red,4892
67,Red,1192
67,Red,1366
67,Red,1805
67,Red,4199
67,Red,196
67,Teal,2036
67,Teal,1216
67,Teal,2043
67,Turquoise,3724
67,Turquoise,4620
67,Turquoise,1925
67,Violet,312
67,Violet,277
67,Violet,4449
67,Yellow,1628
67,Yellow,3164
68,Aquamarine,4066
68,Aquamarine,2009
68,Aquamarine,4025
68,Aquamarine,4838
68,Blue,4290
68,Blue,642
68,Blue,4703
68,Blue,1022
68,Crimson,1653
68,Fuscia,676
68,Fuscia,4579
68,Fuscia,1049
68,Fuscia,4201
68,Fuscia,4330
68,Green,3847
68,Green,104
68,Green,1095
68,Indigo,2935
68,Indigo,1488
68,Indigo,4846
68,Indigo,2547
68,Khaki,909
68,Khaki,583
68,Khaki,1599
68,Maroon,2275
68,Mauv,32
68,Orange,1586
68,Orange,1613
68,Orange,3964
68,Orange,2672
68,Orange,416
68,Pink,477
68,Pink,1534
68,Pink,2583
68,Pink,2711
68,Pink,2487
68,Puce,4609
68,Puce,1002
68,Puce,3827
68,Puce,774
68,Purple,1248
68,Purple,4229
68,Purple,4652
68,Purple,3641
68,Purple,1040
68,Purple,3557
68,Purple,4493
68,Red,2467
68,Red,3597
68,Red,4983
68,Red,1530
68,Teal,1425
68,Teal,4157
68,Teal,3027
68,Teal,1885
68,Teal,4728
68,Teal,3969
68,Turquoise,4362
68,Turquoise,2384
68,Turquoise,380
68,Turquoise,44
68,Violet,110
68,Violet,3456
68,Violet,4518
68,Yellow,533
68,Yellow,4583
69,Aquamarine,2444
69,Aquamarine,4931
69,Aquamarine,2553
69,Blue,4013
69,Blue,3041
69,Blue,1131
69,Crimson,3567
69,Crimson,1031
69,Crimson,1347
69,Crimson,2920
69,Crimson,3503
69,Fuscia,726
69,Fuscia,4832
69,Fuscia,89
69,Fuscia,1750
69,Fuscia,1307
69,Fuscia,2246
69,Goldenrod,4459
69,Goldenrod,2340
69,Goldenrod,4683
69,Goldenrod,629
69,Goldenrod,1690
69,Goldenrod,4867
69,Goldenrod,3361
69,Green,4235
69,Green,246
69,Green,4510
69,Green,1798
69,Green,1041
69,Indigo,935
69,Indigo,2496
69,Indigo,2030
69,Indigo,3007
69,Indigo,3137
69,Indigo,638
69,Indigo,1055
69,Khaki,3633
69,Khaki,3822
69,Khaki,1299
69,Khaki,553
69,Khaki,2333
69,Maroon,4266
69,Maroon,1810
69,Maroon,1317
69,Maroon,1110
69,Mauv,4680
69,Mauv,1854
69,Mauv,3114
69,Mauv,1728
69,Orange,2841
69,Orange,2321
69,Pink,661
69,Pink,4497
69,Puce,3991
69,Puce,442
69,Puce,1447
69,Puce,2843
69,Puce,2005
69,Purple,3762
69,Purple,3989
69,Red,4291
69,Red,2046
69,Red,4527
69,Red,2121
69,Teal,1707
69,Teal,746
69,Turquoise,3297
69,Turquoise,2247
69,Turquoise,4967
69,Turquoise,1668
69,Turquoise,1984
69,Turquoise,2617
69,Violet,4554
69,Violet,122
69,Violet,1159
69,Yellow,4058
69,Yellow,4880
69,Yellow,1889
69,Yellow,1684
70,Aquamarine,620
70,Aquamarine,3178
70,Aquamarine,236
70,Aquamarine,2262
70,Aquamarine,3985
70,Aquamarine,1464
70,Blue,762
70,Blue,2344
70,Blue,3352
70,Blue,90
70,Blue,1649
70,Blue,837
70,Crimson,1932
70,Crimson,1786
70,Crimson,1607
70,Crimson,3237
70,Crimson,354
70,Fuscia,1196
70,Fuscia,483
70,Fuscia,1250
70,Goldenrod,2217
70,Goldenrod,1449
70,Goldenrod,2258
70,Goldenrod,2204
70,Goldenrod,2161
70,Goldenrod,161
70,Goldenrod,4287
70,Goldenrod,502
70,Goldenrod,4920
70,Green,206
70,Green,2589
70,Green,4182
70,Green,1947
70,Green,84
70,Indigo,3228
70,Indigo,3079
70,Indigo,259
70,Indigo,2762
70,Indigo,1604
70,Indigo,2810
70,Khaki,4592
70,Khaki,1434
70,Khaki,1861
70,Khaki,2712
70,Maroon,2368
70,Mauv,2644
70,Mauv,1630
70,Mauv,2639
70,Mauv,3482
70,Orange,4383
70,Orange,346
70,Orange,4761
70,Pink,384
70,Pink,2411
70,Pink,3169
70,Pink,792
70,Pink,3525
70,Pink,3612
70,Pink,1985
70,Puce,3837
70,Puce,2141
70,Puce,1814
70,Puce,4263
70,Puce,4345
70,Purple,3978
70,Purple,968
70,Purple,1974
70,Purple,4469
70,Purple,4463
70,Red,4097
70,Red,1387
70,Red,3980
70,Red,3932
70,Teal,2984
70,Turquoise,1056
70,Turquoise,2014
70,Turquoise,2597
70,Turquoise,2114
70,Violet,2845
70,Violet,3380
70,Violet,1875
70,Violet,2992
70,Violet,2098
70,Violet,2498
70,Violet,2103
70,Violet,1140
70,Yellow,418
70,Yellow,4351
70,Yellow,2254
70,Yellow,4622
70,Yellow,67
71,Aquamarine,449
71,Aquamarine,3150
71,Aquamarine,1952
71,Blue,3296
71,Blue,4928
71,Blue,3665
71,Crimson,2182
71,Crimson,1458
71,Crimson,2268
71,Crimson,4924
71,Fuscia,2236
71,Fuscia,698
71,Fuscia,3898
71,Fuscia,1555
71,Goldenrod,4346
71,Goldenrod,1176
71,Goldenrod,4859
71,Goldenrod,97
71,Goldenrod,2499
71,Green,3445
71,Green,4636
71,Green,480
71,Indigo,771
71,Indigo,3233
71,Indigo,3324
71,Indigo,2081
71,Indigo,3032
71,Indigo,4465
71,Khaki,3672
71,Khaki,1473
71,Khaki,3268
71,Khaki,3873
71,Khaki,2525
71,Khaki,4584
71,Maroon,3274
71,Maroon,966
71,Maroon,873
71,Maroon,3351
71,Mauv,1054
71,Mauv,230
71,Mauv,2106
71,Mauv,2324
71,Orange,3183
71,Orange,2618
71,Orange,2568
71,Pink,3350
71,Pink,3790
71,Pink,1052
71,Pink,3280
71,Pink,1193
71,Puce,3452
71,Puce,2203
71,Puce,1206
71,Puce,4179
71,Puce,532
71,Puce,2189
71,Purple,3971
71,Purple,2695
71,Purple,3903
71,Purple,1583
71,Purple,4994
71,Purple,2169
71,Purple,228
71,Purple,3498
71,Purple,1518
71,Red,4974
71,Red,3959
71,Red,2065
71,Red,2369
71,Red,3038
71,Teal,3480
71,Teal,2206
71,Teal,625
71,Teal,2325
71,Teal,2002
71,Turquoise,2038
71,Turquoise,4015
71,Turquoise,1879
71,Turquoise,2078
71,Turquoise,3546
71,Violet,3040
71,Violet,3856
71,Yellow,2370
71,Yellow,3167
71,Yellow,4046
71,Yellow,4929
72,Aquamarine,1441
72,Aquamarine,1493
72,Aquamarine,4210
72,Aquamarine,1800
72,Blue,1937
72,Blue,713
72,Blue,2950
72,Crimson,3607
72,Crimson,706
72,Crimson,3499
72,Crimson,4600
72,Fuscia,1731
72,Goldenrod,3344
72,Goldenrod,1646
72,Goldenrod,2300
72,Goldenrod,2382
72,Goldenrod,1407
72,Goldenrod,1726
72,Goldenrod,2390
72,Goldenrod,13
72,Green,3931
72,Green,2135
72,Green,1541
72,Indigo,2977
72,Indigo,3149
72,Indigo,2744
72,Indigo,1129
72,Khaki,536
72,Maroon,1422
72,Maroon,1086
72,Maroon,2180
72,Maroon,619
72,Maroon,3519
72,Maroon,2972
72,Maroon,1244
72,Maroon,2926
72,Mauv,3584
72,Mauv,1332
72,Mauv,3246
72,Orange,1526
72,Orange,1723
72,Orange,1510
72,Pink,2379
72,Pink,210
72,Pink,1392
72,Pink,1795
72,Puce,2506
72,Puce,2611
72,Puce,2940
72,Puce,1900
72,Purple,2749
72,Purple,2657
72,Purple,4602
72,Red,3798
72,Red,1164
72,Red,741
72,Red,953
72,Red,4174
72,Red,3119
72,Teal,4629
72,Teal,469
72,Teal,1780
72,Teal,3088
72,Turquoise,2878
72,Turquoise,3649
72,Turquoise,2264
72,Turquoise,4547
72,Turquoise,2726
72,Violet,1939
72,Violet,4479
72,Violet,4589
72,Violet,2327
72,Yellow,3443
72,Yellow,4363
73,Aquamarine,1286
73,Aquamarine,2112
73,Aquamarine,580
73,Blue,2401
73,Blue,1941
73,Blue,1719
73,Crimson,1880
73,Crimson,3240
73,Crimson,729
73,Crimson,1325
73,Fuscia,2457
73,Goldenrod,1230
73,Goldenrod,911
73,Goldenrod,4372
73,Green,526
73,Green,1137
73,Green,1913
73,Green,4472
73,Green,2930
73,Green,3863
73,Green,2320
73,Indigo,1923
73,Indigo,4679
73,Khaki,4055
73,Maroon,4964
73,Maroon,699
73,Maroon,2188
73,Maroon,3508
73,Mauv,3099
73,Mauv,4491
73,Orange,1364
73,Orange,4596
73,Orange,1269
73,Pink,2768
73,Pink,2647
73,Pink,960
73,Puce,4860
73,Puce,106
73,Puce,1635
73,Purple,1802
73,Purple,275
73,Purple,1507
73,Purple,4173
73,Red,3632
73,Red,1084
73,Red,719
73,Red,4168
73,Red,3958
73,Teal,1287
73,Teal,4913
73,Teal,1664
73,Teal,3039
73,Teal,2685
73,Teal,4150
73,Turquoise,2637
73,Turquoise,1768
73,Turquoise,4712
73,Turquoise,2489
73,Turquoise,2943
73,Turquoise,4020
73,Violet,3619
73,Violet,3437
73,Violet,4482
73,Yellow,3151
73,Yellow,3398
73,Yellow,1747
73,Yellow,3716
73,Yellow,4296
74,Aquamarine,4675
74,Aquamarine,2417
74,Aquamarine,2914
74,Blue,3253
74,Blue,3427
74,Blue,4709
74,Crimson,1182
74,Fuscia,1953
74,Fuscia,65
74,Goldenrod,4040
74,Goldenrod,3954
74,Goldenrod,3646
74,Green,3485
74,Green,644
74,Green,29
74,Indigo,3506
74,Indigo,3690
74,Indigo,2415
74,Maroon,3290
74,Maroon,717
74,Mauv,4349
74,Mauv,545
74,Mauv,801
74,Mauv,1789
74,Orange,3862
74,Orange,2529
74,Orange,4228
74,Orange,1825
74,Orange,235
74,Orange,375
74,Orange,3300
74,Pink,2586
74,Pink,2272
74,Pink,3707
74,Pink,4954
74,Pink,4693
74,Pink,1051
74,Puce,3046
74,Puce,933
74,Puce,2233
74,Puce,4625
74,Puce,4390
74,Puce,674
74,Puce,1186
74,Purple,1271
74,Purple,4778
74,Purple,1203
74,Red,892
74,Red,836
74,Red,2615
74,Red,2884
74,Red,2683
74,Red,3081
74,Red,3674
74,Teal,842
74,Teal,1869
74,Teal,4985
74,Teal,2177
74,Teal,1693
74,Turquoise,282
74,Turquoise,1648
74,Turquoise,4995
74,Turquoise,3918
74,Turquoise,3494
74,Turquoise,142
74,Turquoise,1274
74,Turquoise,2148
74,Turquoise,2284
74,Turquoise,175
74,Violet,810
74,Violet,4819
74,Yellow,3714
74,Yellow,3566
74,Yellow,1471
74,Yellow,347
74,Yellow,856
74,Yellow,1841
74,Yellow,4500
74,Yellow,3631
74,Yellow,2773
75,Aquamarine,1608
75,Blue,1834
75,Blue,1699
75,Blue,392
75,Blue,91
75,Crimson,331
75,Crimson,329
75,Crimson,1486
75,Crimson,38
75,Crimson,1491
75,Crimson,4398
75,Crimson,4780
75,Fuscia,1430
75,Fuscia,4219
75,Fuscia,4299
75,Fuscia,2109
75,Goldenrod,973
75,Goldenrod,2809
75,Green,4576
75,Green,2632
75,Green,2363
75,Green,2191
75,Green,1026
75,Indigo,2999
75,Indigo,907
75,Indigo,2244
75,Khaki,3188
75,Khaki,4741
75,Maroon,3548
75,Maroon,904
75,Maroon,3686
75,Maroon,976
75,Maroon,4086
75,Mauv,2481
75,Mauv,4566
75,Mauv,4424
75,Mauv,2635
75,Mauv,2374
75,Mauv,2516
75,Mauv,86
75,Mauv,3869
75,Mauv,4130
75,Mauv,2933
75,Orange,947
75,Pink,731
75,Pink,548
75,Pink,2619
75,Pink,781
75,Pink,4963
75,Puce,1158
75,Puce,3147
75,Puce,3304
75,Purple,2872
75,Purple,626
75,Purple,213
75,Purple,2330
75,Purple,4325
75,Red,3122
75,Red,3515
75,Teal,4723
75,Teal,3676
75,Teal,3453
75,Teal,689
75,Teal,3432
75,Turquoise,2171
75,Turquoise,1756
75,Turquoise,1624
75,Turquoise,664
75,Turquoise,342
75,Turquoise,1922
75,Violet,4904
75,Violet,807
75,Yellow,3813
75,Yellow,1995
75,Yellow,4085
75,Yellow,3295
76,Aquamarine,652
76,Blue,481
76,Blue,573
76,Crimson,875
76,Crimson,1382
76,Crimson,2838
76,Crimson,494
76,Crimson,3369
76,Fuscia,4506
76,Fuscia,2230
76,Fuscia,3487
76,Fuscia,2011
76,Fuscia,1329
76,Fuscia,2445
76,Fuscia,3434
76,Goldenrod,1860
76,Goldenrod,3310
76,Goldenrod,2811
76,Goldenrod,3140
76,Goldenrod,3426
76,Goldenrod,1375
76,Green,4769
76,Green,3886
76,Green,3836
76,Green,413
76,Green,3260
76,Green,355
76,Indigo,2853
76,Indigo,4673
76,Indigo,179
76,Indigo,2033
76,Khaki,531
76,Khaki,4109
76,Khaki,3436
76,Maroon,3438
76,Maroon,710
76,Mauv,671
76,Orange,3742
76,Orange,770
76,Orange,3247
76,Orange,2486
76,Pink,2449
76,Pink,1553
76,Pink,1910
76,Pink,332
76,Pink,3752
76,Puce,4861
76,Puce,1405
76,Puce,4087
76,Puce,743
76,Puce,1998
76,Puce,4194
76,Puce,2990
76,Purple,1857
76,Purple,3419
76,Red,2812
76,Teal,4440
76,Teal,2822
76,Teal,865
76,Teal,3318
76,Turquoise,1149
76,Turquoise,319
76,Turquoise,3511
76,Turquoise,4548
76,Turquoise,3505
76,Violet,4115
76,Violet,3721
76,Yellow,3012
76,Yellow,339
77,Aquamarine,3097
77,Aquamarine,1574
77,Aquamarine,2819
77,Aquamarine,136
77,Blue,1380
77,Blue,2459
77,Blue,3878
77,Blue,1729
77,Blue,4532
77,Crimson,722
77,Crimson,4962
77,Crimson,368
77,Fuscia,3422
77,Fuscia,2500
77,Fuscia,360
77,Fuscia,101
77,Fuscia,2851
77,Fuscia,69
77,Fuscia,3492
77,Fuscia,1135
77,Goldenrod,2128
77,Goldenrod,1732
77,Goldenrod,334
77,Goldenrod,4725
77,Goldenrod,352
77,Green,3459
77,Green,987
77,Green,1505
77,Indigo,1560
77,Khaki,2616
77,Khaki,1895
77,Khaki,3526
77,Khaki,2610
77,Maroon,2595
77,Mauv,4773
77,Mauv,4425
77,Mauv,1118
77,Mauv,2049
77,Mauv,2963
77,Mauv,3414
77,Mauv,3170
77,Mauv,474
77,Mauv,4734
77,Orange,2554
77,Orange,2338
77,Orange,1523
77,Orange,4147
77,Orange,4572
77,Pink,3530
77,Pink,1116
77,Pink,3211
77,Puce,1355
77,Puce,2213
77,Purple,2628
77,Purple,1661
77,Purple,3378
77,Purple,1465
77,Purple,4939
77,Purple,4035
77,Red,1989
77,Red,1891
77,Red,4997
77,Red,4095
77,Red,2613
77,Red,4356
77,Teal,1598
77,Teal,2044
77,Teal,425
77,Teal,2028
77,Teal,2376
77,Teal,4771
77,Teal,2075
77,Turquoise,4906
77,Turquoise,2132
77,Turquoise,4864
77,Turquoise,3472
77,Violet,3537
77,Violet,2542
77,Violet,1187
77,Violet,2771
77,Violet,2413
77,Violet,2096
77,Violet,390
77,Yellow,3602
78,Aquamarine,2307
78,Aquamarine,2763
78,Aquamarine,782
78,Aquamarine,1893
78,Blue,2922
78,Blue,3349
78,Blue,540
78,Blue,543
78,Crimson,656
78,Crimson,3784
78,Crimson,1273
78,Crimson,547
78,Crimson,3845
78,Crimson,4533
78,Crimson,4207
78,Crimson,285
78,Fuscia,3684
78,Fuscia,2565
78,Fuscia,3713
78,Fuscia,4715
78,Fuscia,274
78,Goldenrod,3583
78,Goldenrod,4571
78,Goldenrod,3645
78,Goldenrod,1476
78,Green,3734
78,Green,3449
78,Green,2783
78,Green,1360
78,Green,4676
78,Green,2796
78,Green,3078
78,Indigo,1529
78,Indigo,1404
78,Indigo,1542
78,Indigo,4944
78,Indigo,2701
78,Indigo,4930
78,Indigo,2603
78,Khaki,2576
78,Khaki,297
78,Khaki,2027
78,Maroon,278
78,Mauv,1209
78,Mauv,229
78,Mauv,2982
78,Mauv,1622
78,Mauv,4294
78,Orange,1831
78,Orange,1432
78,Orange,2170
78,Orange,816
78,Orange,657
78,Puce,2570
78,Puce,3446
78,Puce,1656
78,Puce,3816
78,Purple,740
78,Purple,1730
78,Purple,4239
78,Purple,893
78,Teal,4393
78,Teal,4006
78,Teal,864
78,Teal,3403
78,Teal,181
78,Teal,2858
78,Turquoise,3448
78,Violet,4664
78,Violet,3262
78,Violet,513
78,Yellow,2813
78,Yellow,1092
79,Aquamarine,170
79,Aquamarine,4903
79,Aquamarine,1942
79,Blue,2829
79,Blue,300
79,Blue,899
79,Blue,568
79,Blue,75
79,Blue,2491
79,Crimson,4285
79,Crimson,4226
79,Crimson,2353
79,Crimson,1651
79,Crimson,3703
79,Crimson,308
79,Crimson,4558
79,Fuscia,130
79,Fuscia,813
79,Fuscia,4853
79,Goldenrod,3130
79,Goldenrod,2566
79,Green,4517
79,Green,1751
79,Green,2108
79,Green,3182
79,Indigo,3828
79,Indigo,1231
79,Indigo,1809
79,Indigo,316
79,Indigo,3876
79,Khaki,435
79,Khaki,3664
79,Maroon,3535
79,Maroon,4003
79,Maroon,2971
79,Maroon,1036
79,Maroon,2355
79,Maroon,3207
79,Maroon,4701
79,Orange,1654
79,Orange,1595
79,Orange,1000
79,Orange,245
79,Pink,289
79,Pink,4990
79,Pink,1239
79,Pink,4148
79,Pink,1911
79,Pink,344
79,Pink,1311
79,Pink,3880
79,Pink,2580
79,Puce,2145
79,Puce,4845
79,Purple,3924
79,Purple,3177
79,Red,2375
79,Red,4277
79,Red,1618
79,Red,1167
79,Teal,1766
79,Teal,197
79,Turquoise,1711
79,Turquoise,4862
79,Turquoise,2604
79,Turquoise,4577
79,Turquoise,2533
79,Violet,1283
79,Violet,1657
79,Yellow,4649
79,Yellow,253
79,Yellow,1685
79,Yellow,4125
80,Aquamarine,815
80,Aquamarine,119
80,Aquamarine,2464
80,Aquamarine,758
80,Aquamarine,1174
80,Blue,1971
80,Blue,3429
80,Blue,2764
80,Blue,1035
80,Crimson,3160
80,Crimson,1433
80,Crimson,4607
80,Fuscia,486
80,Fuscia,3180
80,Fuscia,3719
80,Fuscia,1921
80,Fuscia,1300
80,Fuscia,2528
80,Goldenrod,2522
80,Goldenrod,3994
80,Goldenrod,2216
80,Goldenrod,3630
80,Goldenrod,954
80,Goldenrod,554
80,Green,2928
80,Green,2438
80,Green,669
80,Green,2225
80,Green,825
80,Indigo,696
80,Indigo,885
80,Indigo,3320
80,Indigo,1816
80,Indigo,618
80,Khaki,2364
80,Khaki,4722
80,Khaki,1416
80,Maroon,396
80,Maroon,1088
80,Maroon,1321
80,Maroon,2727
80,Mauv,2298
80,Mauv,2149
80,Orange,2548
80,Orange,4613
80,Orange,3936
80,Orange,2431
80,Pink,3261
80,Pink,1336
80,Pink,1539
80,Pink,105
80,Puce,4810
80,Puce,135
80,Puce,4498
80,Puce,2099
80,Puce,3484
80,Puce,2754
80,Puce,1261
80,Red,4835
80,Red,4827
80,Red,569
80,Red,599
80,Red,2001
80,Teal,1582
80,Teal,1414
80,Teal,4590
80,Turquoise,138
80,Turquoise,3658
80,Turquoise,2915
80,Violet,2512
80,Violet,1403
80,Violet,4574
80,Yellow,4852
80,Yellow,1976
80,Yellow,684
80,Yellow,2560
80,Yellow,858
80,Yellow,3543
80,Yellow,2276
